step,history,ground_truth,uvhf,timemixer_h96,timemixer_h192,timemixer_h336,timemixer_h720
-719,-14.711000442504885,,,,,,
-718,-16.20400047302246,,,,,,
-717,-17.163000106811527,,,,,,
-716,-7.888999938964844,,,,,,
-715,0.6399999856948853,,,,,,
-714,-1.5640000104904177,,,,,,
-713,1.1729999780654907,,,,,,
-712,2.878000020980835,,,,,,
-711,5.366000175476074,,,,,,
-710,7.2849998474121085,,,,,,
-709,6.857999801635742,,,,,,
-708,8.527999877929688,,,,,,
-707,8.883999824523926,,,,,,
-706,9.559000015258787,,,,,,
-705,9.772000312805176,,,,,,
-704,8.883999824523926,,,,,,
-703,9.878999710083008,,,,,,
-702,9.737000465393066,,,,,,
-701,7.604000091552732,,,,,,
-700,6.751999855041504,,,,,,
-699,4.2290000915527335,,,,,,
-698,4.939000129699707,,,,,,
-697,-1.8480000495910645,,,,,,
-696,-2.0610001087188716,,,,,,
-695,-5.258999824523926,,,,,,
-694,-16.097000122070312,,,,,,
-693,-6.681000232696532,,,,,,
-692,-14.355999946594238,,,,,,
-691,-3.625,,,,,,
-690,-4.0869998931884775,,,,,,
-689,-2.984999895095825,,,,,,
-688,2.8429999351501465,,,,,,
-687,5.791999816894531,,,,,,
-686,8.314999580383299,,,,,,
-685,7.853000164031982,,,,,,
-684,7.639999866485598,,,,,,
-683,8.279999732971191,,,,,,
-682,10.732000350952148,,,,,,
-681,8.208999633789062,,,,,,
-680,9.416999816894531,,,,,,
-679,8.279999732971191,,,,,,
-678,8.244000434875487,,,,,,
-677,7.355999946594237,,,,,,
-676,6.040999889373777,,,,,,
-675,3.9800000190734863,,,,,,
-674,-2.559000015258789,,,,,,
-673,-3.233999967575073,,,,,,
-672,-1.2079999446868896,,,,,,
-671,-6.822999954223633,,,,,,
-670,-5.223999977111816,,,,,,
-669,-6.502999782562256,,,,,,
-668,-1.9539999961853027,,,,,,
-667,0.3910000026226044,,,,,,
-666,3.2690000534057617,,,,,,
-665,3.625,,,,,,
-664,3.3399999141693115,,,,,,
-663,5.7210001945495605,,,,,,
-662,7.568999767303468,,,,,,
-661,7.177999973297119,,,,,,
-660,9.878999710083008,,,,,,
-659,9.559000015258787,,,,,,
-658,10.446999549865724,,,,,,
-657,11.157999992370604,,,,,,
-656,10.909000396728516,,,,,,
-655,10.055999755859377,,,,,,
-654,10.803000450134276,,,,,,
-653,9.20400047302246,,,,,,
-652,9.060999870300291,,,,,,
-651,8.173000335693361,,,,,,
-650,3.233999967575073,,,,,,
-649,-4.90399980545044,,,,,,
-648,-0.9240000247955322,,,,,,
-647,-1.6699999570846558,,,,,,
-646,-14.178000450134276,,,,,,
-645,-2.736000061035156,,,,,,
-644,-1.4919999837875366,,,,,,
-643,0.675000011920929,,,,,,
-642,-0.0359999984502792,,,,,,
-641,3.5179998874664307,,,,,,
-640,3.5179998874664307,,,,,,
-639,5.188000202178955,,,,,,
-638,7.035999774932861,,,,,,
-637,6.716000080108643,,,,,,
-636,7.747000217437744,,,,,,
-635,7.747000217437744,,,,,,
-634,10.625,,,,,,
-633,10.37600040435791,,,,,,
-632,9.345999717712402,,,,,,
-631,8.598999977111816,,,,,,
-630,8.244000434875487,,,,,,
-629,9.131999969482422,,,,,,
-628,8.208999633789062,,,,,,
-627,6.1479997634887695,,,,,,
-626,3.9800000190734863,,,,,,
-625,1.883000016212464,,,,,,
-624,-0.4259999990463257,,,,,,
-623,0.9240000247955322,,,,,,
-622,-4.76200008392334,,,,,,
-621,-0.9950000047683716,,,,,,
-620,-1.065999984741211,,,,,,
-619,0.5690000057220459,,,,,,
-618,1.2790000438690186,,,,,,
-617,2.9140000343322754,,,,,,
-616,3.872999906539917,,,,,,
-615,4.690999984741211,,,,,,
-614,5.081999778747559,,,,,,
-613,5.010000228881836,,,,,,
-612,7.498000144958496,,,,,,
-611,6.716000080108643,,,,,,
-610,8.706000328063965,,,,,,
-609,9.913999557495115,,,,,,
-608,9.345999717712402,,,,,,
-607,8.314999580383299,,,,,,
-606,7.14300012588501,,,,,,
-605,6.502999782562256,,,,,,
-604,5.081999778747559,,,,,,
-603,4.90399980545044,,,,,,
-602,3.4820001125335693,,,,,,
-601,2.7720000743865967,,,,,,
-600,2.736000061035156,,,,,,
-599,0.1070000007748603,,,,,,
-598,-5.436999797821045,,,,,,
-597,-13.645000457763672,,,,,,
-596,-3.9440000057220463,,,,,,
-595,-8.173000335693361,,,,,,
-594,-1.812000036239624,,,,,,
-593,0.5690000057220459,,,,,,
-592,2.9140000343322754,,,,,,
-591,4.370999813079834,,,,,,
-590,5.436999797821045,,,,,,
-589,7.747000217437744,,,,,,
-588,7.0,,,,,,
-587,8.777000427246094,,,,,,
-586,8.031000137329103,,,,,,
-585,7.461999893188477,,,,,,
-584,7.676000118255615,,,,,,
-583,7.214000225067139,,,,,,
-582,8.208999633789062,,,,,,
-581,7.249000072479247,,,,,,
-580,7.14300012588501,,,,,,
-579,2.984999895095825,,,,,,
-578,-3.1979999542236333,,,,,,
-577,-9.416999816894531,,,,,,
-576,-12.970000267028809,,,,,,
-575,-15.06700038909912,,,,,,
-574,-17.163000106811527,,,,,,
-573,-15.741999626159668,,,,,,
-572,-14.142999649047852,,,,,,
-571,-10.94499969482422,,,,,,
-570,-6.857999801635742,,,,,,
-569,-1.1369999647140503,,,,,,
-568,3.872999906539917,,,,,,
-567,5.436999797821045,,,,,,
-566,7.461999893188477,,,,,,
-565,7.355999946594237,,,,,,
-564,6.502999782562256,,,,,,
-563,7.14300012588501,,,,,,
-562,8.38599967956543,,,,,,
-561,6.894000053405763,,,,,,
-560,7.320000171661378,,,,,,
-559,7.676000118255615,,,,,,
-558,7.071000099182129,,,,,,
-557,7.994999885559082,,,,,,
-556,5.543000221252441,,,,,,
-555,3.8020000457763663,,,,,,
-554,1.919000029563904,,,,,,
-553,-0.0710000023245811,,,,,,
-552,-14.071999549865724,,,,,,
-551,-8.065999984741211,,,,,,
-550,-18.371999740600582,,,,,,
-549,-5.614999771118164,,,,,,
-548,-14.888999938964846,,,,,,
-547,-9.843000411987305,,,,,,
-546,-7.071000099182129,,,,,,
-545,-0.4970000088214874,,,,,,
-544,3.9800000190734863,,,,,,
-543,6.2189998626708975,,,,,,
-542,8.777000427246094,,,,,,
-541,10.517999649047852,,,,,,
-540,11.157999992370604,,,,,,
-539,12.366000175476074,,,,,,
-538,11.548999786376951,,,,,,
-537,11.336000442504885,,,,,,
-536,10.553999900817873,,,,,,
-535,9.630000114440918,,,,,,
-534,9.878999710083008,,,,,,
-533,9.48799991607666,,,,,,
-532,7.853000164031982,,,,,,
-531,5.96999979019165,,,,,,
-530,1.8480000495910645,,,,,,
-529,-0.9589999914169312,,,,,,
-528,-0.9240000247955322,,,,,,
-527,-5.543000221252441,,,,,,
-526,-0.7459999918937683,,,,,,
-525,-5.258999824523926,,,,,,
-524,-5.046000003814697,,,,,,
-523,-2.131999969482422,,,,,,
-522,0.3910000026226044,,,,,,
-521,-1.5989999771118164,,,,,,
-520,4.868000030517578,,,,,,
-519,6.502999782562256,,,,,,
-518,9.097000122070312,,,,,,
-517,9.984999656677246,,,,,,
-516,10.234000205993652,,,,,,
-515,11.050999641418455,,,,,,
-514,12.722000122070312,,,,,,
-513,12.402000427246096,,,,,,
-512,11.690999984741213,,,,,,
-511,11.583999633789062,,,,,,
-510,10.163000106811523,,,,,,
-509,9.984999656677246,,,,,,
-508,7.710999965667725,,,,,,
-507,8.137999534606934,,,,,,
-506,4.90399980545044,,,,,,
-505,2.878000020980835,,,,,,
-504,2.8429999351501465,,,,,,
-503,-1.031000018119812,,,,,,
-502,-7.427000045776367,,,,,,
-501,-14.25,,,,,,
-500,-11.76200008392334,,,,,,
-499,-6.2189998626708975,,,,,,
-498,-5.223999977111816,,,,,,
-497,5.188000202178955,,,,,,
-496,5.7210001945495605,,,,,,
-495,7.214000225067139,,,,,,
-494,9.380999565124512,,,,,,
-493,8.456999778747559,,,,,,
-492,9.630000114440918,,,,,,
-491,8.635000228881836,,,,,,
-490,7.853000164031982,,,,,,
-489,9.20400047302246,,,,,,
-488,9.16800022125244,,,,,,
-487,8.670999526977539,,,,,,
-486,7.960000038146973,,,,,,
-485,7.0,,,,,,
-484,6.289999961853027,,,,,,
-483,3.908999919891357,,,,,,
-482,-2.1679999828338623,,,,,,
-481,-1.6699999570846558,,,,,,
-480,-3.9800000190734863,,,,,,
-479,-3.908999919891357,,,,,,
-478,-14.21399974822998,,,,,,
-477,-13.859000205993652,,,,,,
-476,-11.336000442504885,,,,,,
-475,-8.456999778747559,,,,,,
-474,-5.188000202178955,,,,,,
-473,-0.0710000023245811,,,,,,
-472,4.547999858856201,,,,,,
-471,7.177999973297119,,,,,,
-470,10.055999755859377,,,,,,
-469,10.020999908447266,,,,,,
-468,11.300000190734863,,,,,,
-467,12.152999877929688,,,,,,
-466,14.03600025177002,,,,,,
-465,13.361000061035154,,,,,,
-464,13.289999961853027,,,,,,
-463,10.482999801635742,,,,,,
-462,11.654999732971191,,,,,,
-461,11.76200008392334,,,,,,
-460,8.706000328063965,,,,,,
-459,4.76200008392334,,,,,,
-458,-0.675000011920929,,,,,,
-457,-4.263999938964844,,,,,,
-456,-5.152999877929688,,,,,,
-455,-10.553999900817873,,,,,,
-454,-3.58899998664856,,,,,,
-453,-6.040999889373777,,,,,,
-452,-4.547999858856201,,,,,,
-451,-3.3050000667572017,,,,,,
-450,-4.122000217437743,,,,,,
-449,0.8169999718666077,,,,,,
-448,5.86299991607666,,,,,,
-447,7.994999885559082,,,,,,
-446,10.696000099182127,,,,,,
-445,10.270000457763672,,,,,,
-444,9.060999870300291,,,,,,
-443,10.625,,,,,,
-442,13.788000106811523,,,,,,
-441,11.300000190734863,,,,,,
-440,11.194000244140623,,,,,,
-439,8.635000228881836,,,,,,
-438,9.559000015258787,,,,,,
-437,11.121999740600586,,,,,,
-436,8.137999534606934,,,,,,
-435,4.796999931335449,,,,,,
-434,-0.9240000247955322,,,,,,
-433,-5.436999797821045,,,,,,
-432,-8.741999626159668,,,,,,
-431,-10.482999801635742,,,,,,
-430,-11.76200008392334,,,,,,
-429,-9.878999710083008,,,,,,
-428,-9.345999717712402,,,,,,
-427,-6.254000186920166,,,,,,
-426,-2.45199990272522,,,,,,
-425,1.031000018119812,,,,,,
-424,4.796999931335449,,,,,,
-423,8.10200023651123,,,,,,
-422,11.477999687194824,,,,,,
-421,11.72700023651123,,,,,,
-420,10.553999900817873,,,,,,
-419,12.366000175476074,,,,,,
-418,12.79300022125244,,,,,,
-417,13.07699966430664,,,,,,
-416,12.116999626159668,,,,,,
-415,10.58899974822998,,,,,,
-414,8.031000137329103,,,,,,
-413,8.38599967956543,,,,,,
-412,6.610000133514402,,,,,,
-411,4.90399980545044,,,,,,
-410,-0.9240000247955322,,,,,,
-409,-7.498000144958496,,,,,,
-408,-10.446999549865724,,,,,,
-407,-11.548999786376951,,,,,,
-406,-12.82800006866455,,,,,,
-405,-10.94499969482422,,,,,,
-404,-8.10200023651123,,,,,,
-403,-5.6500000953674325,,,,,,
-402,-5.046000003814697,,,,,,
-401,2.594000101089477,,,,,,
-400,2.984999895095825,,,,,,
-399,6.857999801635742,,,,,,
-398,11.121999740600586,,,,,,
-397,11.477999687194824,,,,,,
-396,12.649999618530272,,,,,,
-395,11.904000282287598,,,,,,
-394,14.746999740600586,,,,,,
-393,13.859000205993652,,,,,,
-392,11.72700023651123,,,,,,
-391,11.477999687194824,,,,,,
-390,10.979999542236328,,,,,,
-389,10.696000099182127,,,,,,
-388,9.16800022125244,,,,,,
-387,6.111999988555907,,,,,,
-386,-0.3910000026226044,,,,,,
-385,-5.010000228881836,,,,,,
-384,-4.406000137329102,,,,,,
-383,-13.751999855041506,,,,,,
-382,-13.609999656677244,,,,,,
-381,-12.9350004196167,,,,,,
-380,-10.838000297546388,,,,,,
-379,-7.853000164031982,,,,,,
-378,-3.233999967575073,,,,,,
-377,1.919000029563904,,,,,,
-376,4.76200008392334,,,,,,
-375,7.14300012588501,,,,,,
-374,11.79800033569336,,,,,,
-373,12.366000175476074,,,,,,
-372,12.437000274658203,,,,,,
-371,13.07699966430664,,,,,,
-370,13.07699966430664,,,,,,
-369,13.255000114440918,,,,,,
-368,15.279999732971191,,,,,,
-367,11.619999885559082,,,,,,
-366,13.18299961090088,,,,,,
-365,13.93000030517578,,,,,,
-364,11.44200038909912,,,,,,
-363,7.177999973297119,,,,,,
-362,0.9589999914169312,,,,,,
-361,-4.690999984741211,,,,,,
-360,-9.416999816894531,,,,,,
-359,-11.9399995803833,,,,,,
-358,-12.116999626159668,,,,,,
-357,-11.583999633789062,,,,,,
-356,-9.701000213623049,,,,,,
-355,-6.928999900817871,,,,,,
-354,-4.939000129699707,,,,,,
-353,0.0359999984502792,,,,,,
-352,5.081999778747559,,,,,,
-351,7.853000164031982,,,,,,
-350,11.512999534606935,,,,,,
-349,13.503000259399414,,,,,,
-348,13.468000411987305,,,,,,
-347,12.79300022125244,,,,,,
-346,14.534000396728516,,,,,,
-345,14.711000442504885,,,,,,
-344,14.854000091552734,,,,,,
-343,13.788000106811523,,,,,,
-342,12.472999572753904,,,,,,
-341,11.015999794006348,,,,,,
-340,10.482999801635742,,,,,,
-339,7.071000099182129,,,,,,
-338,0.9240000247955322,,,,,,
-337,-5.436999797821045,,,,,,
-336,-8.456999778747559,,,,,,
-335,-11.157999992370604,,,,,,
-334,-11.512999534606935,,,,,,
-333,-11.194000244140623,,,,,,
-332,-9.559000015258787,,,,,,
-331,-6.183000087738037,,,,,,
-330,-2.8429999351501465,,,,,,
-329,1.4570000171661377,,,,,,
-328,5.791999816894531,,,,,,
-327,8.031000137329103,,,,,,
-326,11.869000434875488,,,,,,
-325,12.260000228881836,,,,,,
-324,13.397000312805176,,,,,,
-323,13.468000411987305,,,,,,
-322,15.244999885559082,,,,,,
-321,14.427000045776367,,,,,,
-320,14.711000442504885,,,,,,
-319,13.717000007629396,,,,,,
-318,13.680999755859377,,,,,,
-317,12.685999870300291,,,,,,
-316,10.66100025177002,,,,,,
-315,8.741999626159668,,,,,,
-314,1.065999984741211,,,,,,
-313,-4.370999813079834,,,,,,
-312,-7.461999893188477,,,,,,
-311,-9.131999969482422,,,,,,
-310,-10.270000457763672,,,,,,
-309,-9.060999870300291,,,,,,
-308,-6.324999809265138,,,,,,
-307,-4.833000183105469,,,,,,
-306,-1.883000016212464,,,,,,
-305,1.1369999647140503,,,,,,
-304,5.791999816894531,,,,,,
-303,8.777000427246094,,,,,,
-302,13.07699966430664,,,,,,
-301,12.756999969482422,,,,,,
-300,13.717000007629396,,,,,,
-299,13.859000205993652,,,,,,
-298,14.604999542236328,,,,,,
-297,14.427000045776367,,,,,,
-296,14.28499984741211,,,,,,
-295,13.218999862670898,,,,,,
-294,12.756999969482422,,,,,,
-293,12.970000267028809,,,,,,
-292,11.371000289916992,,,,,,
-291,7.782000064849853,,,,,,
-290,2.38100004196167,,,,,,
-289,-3.58899998664856,,,,,,
-288,-6.432000160217285,,,,,,
-287,-8.918999671936035,,,,,,
-286,-8.527999877929688,,,,,,
-285,-8.812999725341797,,,,,,
-284,-7.532999992370605,,,,,,
-283,-4.833000183105469,,,,,,
-282,-2.345000028610229,,,,,,
-281,2.736000061035156,,,,,,
-280,5.6500000953674325,,,,,,
-279,10.055999755859377,,,,,,
-278,12.9350004196167,,,,,,
-277,15.17300033569336,,,,,,
-276,14.534000396728516,,,,,,
-275,15.279999732971191,,,,,,
-274,16.773000717163086,,,,,,
-273,14.817999839782717,,,,,,
-272,14.498000144958494,,,,,,
-271,12.543999671936035,,,,,,
-270,13.432000160217283,,,,,,
-269,11.512999534606935,,,,,,
-268,10.732000350952148,,,,,,
-267,8.208999633789062,,,,,,
-266,2.38100004196167,,,,,,
-265,-4.584000110626222,,,,,,
-264,-6.183000087738037,,,,,,
-263,-8.918999671936035,,,,,,
-262,-9.20400047302246,,,,,,
-261,-7.604000091552732,,,,,,
-260,-5.507999897003174,,,,,,
-259,-2.878000020980835,,,,,,
-258,-0.7110000252723694,,,,,,
-257,5.152999877929688,,,,,,
-256,7.320000171661378,,,,,,
-255,9.559000015258787,,,,,,
-254,13.822999954223633,,,,,,
-253,13.894000053405762,,,,,,
-252,13.218999862670898,,,,,,
-251,11.904000282287598,,,,,,
-250,11.76200008392334,,,,,,
-249,12.649999618530272,,,,,,
-248,11.548999786376951,,,,,,
-247,11.477999687194824,,,,,,
-246,9.630000114440918,,,,,,
-245,11.336000442504885,,,,,,
-244,8.35099983215332,,,,,,
-243,6.361000061035156,,,,,,
-242,1.2079999446868896,,,,,,
-241,-3.2690000534057617,,,,,,
-240,-5.223999977111816,,,,,,
-239,-7.249000072479247,,,,,,
-238,-7.782000064849853,,,,,,
-237,-7.604000091552732,,,,,,
-236,-5.89900016784668,,,,,,
-235,-4.1579999923706055,,,,,,
-234,-1.4919999837875366,,,,,,
-233,3.163000106811523,,,,,,
-232,6.751999855041504,,,,,,
-231,9.772000312805176,,,,,,
-230,13.468000411987305,,,,,,
-229,15.17300033569336,,,,,,
-228,14.392000198364258,,,,,,
-227,14.21399974822998,,,,,,
-226,15.564000129699709,,,,,,
-225,15.741999626159668,,,,,,
-224,15.244999885559082,,,,,,
-223,13.822999954223633,,,,,,
-222,12.543999671936035,,,,,,
-221,10.732000350952148,,,,,,
-220,10.020999908447266,,,,,,
-219,6.822999954223633,,,,,,
-218,3.696000099182129,,,,,,
-217,-2.486999988555908,,,,,,
-216,-4.72599983215332,,,,,,
-215,-6.183000087738037,,,,,,
-214,-6.361000061035156,,,,,,
-213,-5.578999996185303,,,,,,
-212,-5.010000228881836,,,,,,
-211,-3.3399999141693115,,,,,,
-210,0.8529999852180481,,,,,,
-209,3.3050000667572017,,,,,,
-208,8.137999534606934,,,,,,
-207,10.020999908447266,,,,,,
-206,13.432000160217283,,,,,,
-205,15.279999732971191,,,,,,
-204,14.960000038146973,,,,,,
-203,15.031000137329102,,,,,,
-202,16.097000122070312,,,,,,
-201,15.06700038909912,,,,,,
-200,13.859000205993652,,,,,,
-199,15.38700008392334,,,,,,
-198,14.640000343322756,,,,,,
-197,13.538999557495115,,,,,,
-196,9.984999656677246,,,,,,
-195,7.782000064849853,,,,,,
-194,3.0559999942779537,,,,,,
-193,-2.630000114440918,,,,,,
-192,-5.081999778747559,,,,,,
-191,-6.965000152587893,,,,,,
-190,-6.2189998626708975,,,,,,
-189,-6.2189998626708975,,,,,,
-188,-5.436999797821045,,,,,,
-187,-3.908999919891357,,,,,,
-186,-1.4570000171661377,,,,,,
-185,3.1979999542236333,,,,,,
-184,8.706000328063965,,,,,,
-183,10.37600040435791,,,,,,
-182,13.96500015258789,,,,,,
-181,13.717000007629396,,,,,,
-180,13.503000259399414,,,,,,
-179,13.751999855041506,,,,,,
-178,13.93000030517578,,,,,,
-177,13.468000411987305,,,,,,
-176,12.331000328063965,,,,,,
-175,12.04599952697754,,,,,,
-174,10.732000350952148,,,,,,
-173,9.416999816894531,,,,,,
-172,8.670999526977539,,,,,,
-171,5.7210001945495605,,,,,,
-170,0.2129999995231628,,,,,,
-169,-4.1579999923706055,,,,,,
-168,-6.254000186920166,,,,,,
-167,-8.137999534606934,,,,,,
-166,-8.741999626159668,,,,,,
-165,-7.355999946594237,,,,,,
-164,-5.6500000953674325,,,,,,
-163,-3.4470000267028813,,,,,,
-162,-0.8880000114440918,,,,,,
-161,3.4470000267028813,,,,,,
-160,7.427000045776367,,,,,,
-159,10.37600040435791,,,,,,
-158,14.355999946594238,,,,,,
-157,13.751999855041506,,,,,,
-156,13.788000106811523,,,,,,
-155,12.543999671936035,,,,,,
-154,13.289999961853027,,,,,,
-153,14.21399974822998,,,,,,
-152,11.654999732971191,,,,,,
-151,11.477999687194824,,,,,,
-150,11.371000289916992,,,,,,
-149,10.411999702453612,,,,,,
-148,7.888999938964844,,,,,,
-147,5.366000175476074,,,,,,
-146,0.0359999984502792,,,,,,
-145,-4.441999912261963,,,,,,
-144,-7.568999767303468,,,,,,
-143,-10.055999755859377,,,,,,
-142,-7.747000217437744,,,,,,
-141,-8.564000129699707,,,,,,
-140,-6.5380001068115225,,,,,,
-139,-4.584000110626222,,,,,,
-138,-1.031000018119812,,,,,,
-137,2.203000068664551,,,,,,
-136,6.716000080108643,,,,,,
-135,8.883999824523926,,,,,,
-134,12.86400032043457,,,,,,
-133,14.817999839782717,,,,,,
-132,14.321000099182127,,,,,,
-131,13.432000160217283,,,,,,
-130,14.321000099182127,,,,,,
-129,14.925000190734863,,,,,,
-128,14.107000350952148,,,,,,
-127,13.574000358581545,,,,,,
-126,12.08199977874756,,,,,,
-125,12.366000175476074,,,,,,
-124,9.984999656677246,,,,,,
-123,7.355999946594237,,,,,,
-122,0.0,,,,,,
-121,-6.111999988555907,,,,,,
-120,-4.406000137329102,,,,,,
-119,-6.716000080108643,,,,,,
-118,-12.9350004196167,,,,,,
-117,-11.157999992370604,,,,,,
-116,-7.10699987411499,,,,,,
-115,3.0920000076293945,,,,,,
-114,-0.2489999979734421,,,,,,
-113,4.263999938964844,,,,,,
-112,5.7210001945495605,,,,,,
-111,6.361000061035156,,,,,,
-110,10.30500030517578,,,,,,
-109,12.116999626159668,,,,,,
-108,12.295000076293944,,,,,,
-107,12.295000076293944,,,,,,
-106,14.355999946594238,,,,,,
-105,14.355999946594238,,,,,,
-104,14.355999946594238,,,,,,
-103,14.355999946594238,,,,,,
-102,14.355999946594238,,,,,,
-101,14.355999946594238,,,,,,
-100,14.355999946594238,,,,,,
-99,14.355999946594238,,,,,,
-98,14.355999946594238,,,,,,
-97,14.355999946594238,,,,,,
-96,14.355999946594238,,,,,,
-95,14.355999946594238,,,,,,
-94,14.355999946594238,,,,,,
-93,14.355999946594238,,,,,,
-92,14.355999946594238,,,,,,
-91,14.355999946594238,,,,,,
-90,14.355999946594238,,,,,,
-89,14.355999946594238,,,,,,
-88,14.355999946594238,,,,,,
-87,14.355999946594238,,,,,,
-86,14.355999946594238,,,,,,
-85,14.355999946594238,,,,,,
-84,14.355999946594238,,,,,,
-83,14.355999946594238,,,,,,
-82,12.756999969482422,,,,,,
-81,11.548999786376951,,,,,,
-80,10.517999649047852,,,,,,
-79,9.878999710083008,,,,,,
-78,8.883999824523926,,,,,,
-77,8.065999984741211,,,,,,
-76,6.681000232696532,,,,,,
-75,1.4919999837875366,,,,,,
-74,1.883000016212464,,,,,,
-73,0.2129999995231628,,,,,,
-72,2.486999988555908,,,,,,
-71,-6.040999889373777,,,,,,
-70,-8.777000427246094,,,,,,
-69,-13.609999656677244,,,,,,
-68,-1.350000023841858,,,,,,
-67,2.664999961853028,,,,,,
-66,3.9440000057220463,,,,,,
-65,2.486999988555908,,,,,,
-64,4.547999858856201,,,,,,
-63,6.076000213623048,,,,,,
-62,8.847999572753906,,,,,,
-61,8.314999580383299,,,,,,
-60,8.741999626159668,,,,,,
-59,7.782000064849853,,,,,,
-58,9.878999710083008,,,,,,
-57,9.3100004196167,,,,,,
-56,9.16800022125244,,,,,,
-55,7.355999946594237,,,,,,
-54,8.10200023651123,,,,,,
-53,6.610000133514402,,,,,,
-52,6.965000152587893,,,,,,
-51,4.65500020980835,,,,,,
-50,2.4159998893737797,,,,,,
-49,-0.4620000123977661,,,,,,
-48,-1.8480000495910645,,,,,,
-47,-1.9900000095367432,,,,,,
-46,-0.9950000047683716,,,,,,
-45,-0.9950000047683716,,,,,,
-44,1.6349999904632568,,,,,,
-43,-2.45199990272522,,,,,,
-42,1.315000057220459,,,,,,
-41,4.939000129699707,,,,,,
-40,5.401000022888184,,,,,,
-39,6.2189998626708975,,,,,,
-38,6.716000080108643,,,,,,
-37,6.716000080108643,,,,,,
-36,9.23900032043457,,,,,,
-35,10.340999603271484,,,,,,
-34,12.79300022125244,,,,,,
-33,11.086999893188477,,,,,,
-32,11.015999794006348,,,,,,
-31,9.45199966430664,,,,,,
-30,10.87399959564209,,,,,,
-29,9.913999557495115,,,,,,
-28,9.843000411987305,,,,,,
-27,9.3100004196167,,,,,,
-26,3.2690000534057617,,,,,,
-25,5.188000202178955,,,,,,
-24,-6.1479997634887695,,,,,,
-23,-3.872999906539917,,,,,,
-22,-8.35099983215332,,,,,,
-21,-17.37700080871582,,,,,,
-20,-14.071999549865724,,,,,,
-19,-11.015999794006348,,,,,,
-18,-1.3860000371932983,,,,,,
-17,3.4470000267028813,,,,,,
-16,4.477000236511231,,,,,,
-15,5.89900016784668,,,,,,
-14,7.888999938964844,,,,,,
-13,6.894000053405763,,,,,,
-12,7.249000072479247,,,,,,
-11,8.456999778747559,,,,,,
-10,9.593999862670898,,,,,,
-9,8.10200023651123,,,,,,
-8,9.45199966430664,,,,,,
-7,8.954999923706055,,,,,,
-6,8.493000030517576,,,,,,
-5,7.923999786376952,,,,,,
-4,8.314999580383299,,,,,,
-3,5.329999923706055,,,,,,
-2,1.5640000104904177,,,,,,
-1,-5.507999897003174,,,,,,
0,-7.782000064849853,,,,,,
1,,-10.411999702453612,-7.724273552632152,-8.495539449967152,-7.613434630725001,-1.6867365033671629,-4.950231441284362
2,,-9.559000015258787,-7.972507843190824,-9.333311595168876,-8.592282389415185,-3.1036281340239125,-2.6654250523236076
3,,-0.6399999856948853,-6.813672822616439,-8.421975342498945,-7.0076021203577135,-2.7969612396169214,-4.2249488676672815
4,,-8.918999671936035,-3.9101603031651813,-6.485182352640798,-5.090712978782877,-2.3354299845749793,-3.178862627913464
5,,6.822999954223633,-0.5306534427772132,-2.2655724376021817,-1.4835190939691243,0.04909827637253983,-1.6869496602007645
6,,-4.513000011444092,2.0180424219656428,0.9622542568256289,1.3662548772132896,1.5595203624696734,1.8591366340812572
7,,1.2079999446868896,4.4950067359069505,3.6260604037909467,3.2666649889817387,3.2984878568772897,5.977776739266631
8,,5.329999923706055,6.837975993216713,5.746467611161834,4.675749915080683,6.406948122507381,7.5999399631742515
9,,8.065999984741211,9.272163546424594,5.70659289190255,5.779434058890745,7.467064308864847,8.075238912835907
10,,11.086999893188477,9.86572440735615,7.092339200632901,6.135688206443037,9.121605085406694,7.88458163827957
11,,12.08199977874756,9.514010039835556,6.547445696110276,6.968120740068459,8.026681259828221,9.665126063867277
12,,10.87399959564209,10.162944638264097,6.860131968446405,6.736184394691332,9.444917291687025,10.604447045645
13,,12.01099967956543,12.171136614789885,8.045076891935505,7.326472903492222,8.107176911737263,9.644109063230712
14,,14.21399974822998,12.90309349728626,7.903072006757344,7.8794727821334725,10.14632629994069,11.559674527184537
15,,13.326000213623049,13.322121674442856,6.358463824397678,7.137587988533796,12.457665451553188,11.07731969159578
16,,11.229000091552734,11.646570805124792,6.378230995729812,7.59484097540008,9.496074931751487,10.131685583351253
17,,12.116999626159668,10.380125136045987,6.393036678603278,7.516795146821671,8.405656017957238,9.684373336471776
18,,10.37600040435791,11.237043896458562,5.4106196325829945,6.961754324393255,10.24858434351244,10.211992420410777
19,,10.234000205993652,10.127777708068551,5.988436143438948,6.966836864880884,7.457788697145855,9.319653441589885
20,,9.878999710083008,7.527700191218514,5.424561688999177,4.554021984881068,7.971948966506426,8.359056907831135
21,,5.366000175476074,6.7602382223152615,4.5849457618577265,3.2473598219286064,5.162597121397677,7.043260662060387
22,,0.6399999856948853,2.1498282790686845,2.9200644117932053,1.636602873475237,3.650717024466691,5.966717501558444
23,,-5.010000228881836,-2.42939925362034,0.5023933882050304,-0.34751027555107417,1.237729201248872,0.9229722155369338
24,,-5.7210001945495605,-5.093627437958361,-3.307773828274458,-3.7273473974528333,0.12404527169331381,-1.01631615663557
25,,-8.635000228881836,-7.251266696823178,-3.8217528485373222,-3.9482147189862804,-2.560244654878833,-3.9022281058110497
26,,-10.126999855041504,-8.314215352632708,-5.3319848040020155,-6.1522379574692145,-3.772776118668512,-3.575819204420336
27,,-9.45199966430664,-6.509509863112809,-5.380491141475687,-6.360221132616056,-1.4704796851975495,-3.83303305554022
28,,-8.954999923706055,-6.108093440386842,-2.996910902124526,-4.246454023768454,-1.8753000383465315,-4.465711484895037
29,,3.1979999542236333,-2.0403150063445814,-1.8574317062458272,-3.2525885766812603,2.03075683235512,-2.467257617785842
30,,-0.8880000114440918,0.4584965672579999,2.4796274596345813,1.0403650521858836,3.4119506144067033,1.1045193380769058
31,,3.4110000133514404,3.3906947991695295,3.803444553633929,2.552059664842876,4.742610848681713,3.88727801787408
32,,7.177999973297119,6.076789568730511,6.063020311618576,4.620866800141286,5.746931013460193,6.9869662054627035
33,,9.3100004196167,9.254186004341243,6.468097406910499,5.377346463519158,8.762088454095661,8.111924585470868
34,,11.619999885559082,10.547324961588455,7.4925510240924345,6.04530600835635,8.96205851123858,8.274665880577164
35,,10.66100025177002,10.177202462022805,7.737184345735303,7.541466899001035,9.881681564760516,9.139904994306296
36,,9.559000015258787,9.603300713750793,8.35776875634906,7.682724255005802,8.85782481960724,10.113988960922061
37,,8.883999824523926,10.659644797175972,9.18775278242677,8.170996659819993,9.219734860056061,12.536151902938094
38,,10.696000099182127,11.764005088935832,8.862439270319845,9.125437303171296,9.896076229943263,11.350772935557114
39,,10.696000099182127,11.85049676362712,7.707102916538963,8.020127016140693,10.383023805826387,11.133077966652149
40,,10.482999801635742,11.417550892597532,8.3187886872413,8.498473319053103,10.082100303880338,10.432228166140959
41,,9.984999656677246,10.26752043345554,6.689380844793494,7.4682593687050876,9.26235241105575,13.077116315178376
42,,9.48799991607666,10.729691158998287,6.669995908400626,7.9603105376026155,8.087487865016207,10.500021907598295
43,,8.954999923706055,8.33310407650291,7.511311292542385,6.990579016424817,6.984244672958375,9.547250992776874
44,,8.10200023651123,9.13724053388627,5.529387811891808,5.5780946006702266,7.921171587706848,10.281196681162072
45,,3.4470000267028813,7.278173801828997,4.069308114983397,5.006915371739737,4.651703242026399,7.500483879338027
46,,-1.4210000038146973,3.0714579015489116,2.8865841508326797,1.6221720242620945,4.186578995002628,3.522464537931759
47,,-5.614999771118164,-2.9490637718955117,-0.5931906314552933,0.7301856752646927,0.7858610559968833,1.2093313163031096
48,,-7.853000164031982,-4.875064052323907,-2.9314329386124935,-1.1521167963838463,-2.2283995963398073,-1.6751306400907078
49,,-10.020999908447266,-5.985738786333492,-3.9475265645173057,-4.154932768852207,-0.9929110099929099,-0.9391935142508405
50,,-10.163000106811523,-7.137390947928662,-4.2463421822199585,-5.178142806698599,-0.9762183299343254,-0.4401709984790445
51,,-10.199000358581545,-6.550324133615884,-5.032440900451222,-4.718139175630803,-1.555572024749729,-3.911583322396913
52,,-8.635000228881836,-4.957721535576207,-2.3656028606845005,-3.6289676240480055,0.6816056539473072,-1.7917695331245094
53,,-4.690999984741211,0.23986739247737265,0.3799630766335813,-0.7041460001511721,2.3234236319835393,0.9089643905336864
54,,-1.1019999980926514,1.4665083255011364,2.6270961334024463,2.2992429957803595,2.6997546532735774,2.9258349422769423
55,,3.0920000076293945,4.426375580855259,4.783065252555219,4.254109168693107,6.319360482877276,5.993287106132046
56,,6.111999988555907,7.087363238562074,7.086753044231315,5.917749653224366,6.189051592105828,7.435818411781236
57,,9.380999565124512,10.086891727396148,6.914179890175131,7.434992429051029,7.586218320956858,9.205647430185945
58,,12.366000175476074,9.940135879027073,7.184487755057912,7.607371505126002,6.85237822415127,8.945378331117768
59,,13.255000114440918,9.682545385045346,8.010169499921613,7.028657116338539,8.687944086358202,9.83927717059443
60,,13.503000259399414,13.68212054019534,7.931153774855742,8.728215596405345,9.062693536574232,10.757837071514205
61,,12.649999618530272,11.60992559281473,8.040949938796047,7.995855755388659,10.755344320765694,11.75341369429337
62,,13.645000457763672,14.124268339100203,8.730636636984528,8.638518674512488,9.702501535699865,10.415139435422411
63,,13.717000007629396,13.231480020410947,8.389053469028912,9.150658230248343,11.308267883997383,12.16776623683142
64,,11.690999984741213,12.306241863263107,8.159420401659316,9.620522338544612,11.324758591377215,11.642235300391963
65,,11.371000289916992,11.569364610524422,6.967172882944965,9.27583787023838,10.282031545427014,11.151739715855705
66,,11.336000442504885,11.24869910159465,6.762177192925858,8.669528388561336,10.49437127783346,9.499738729301885
67,,11.121999740600586,9.893648610449464,6.816149128190753,8.1443013979772,8.34463987433869,9.914289297169915
68,,9.23900032043457,8.105986786082985,6.8536693361449235,7.946043832309176,5.70809642060191,8.961597329323904
69,,5.791999816894531,5.483910283353311,7.2197158691594,6.573243758472129,4.505678146598445,6.63216254411067
70,,2.486999988555908,2.855016215878551,5.012642275795918,3.4056999876287657,3.3281224132982468,5.273861781317003
71,,-4.939000129699707,-0.8760234339865729,2.594932477729717,1.8242131237265524,1.0929088695602185,0.6708182076492495
72,,-7.177999973297119,-4.445346454697052,-1.9177465375661686,-0.5561612105315765,-0.6437114325847952,0.3211396852569921
73,,-9.666000366210938,-3.976317210665723,-2.157972315361148,-1.700328540966594,-0.09410232653732375,-2.8405011544459606
74,,-8.670999526977539,-5.662367369821604,-3.13065497316342,-3.970735659504369,-0.46973664076938526,-4.743447602272262
75,,-8.883999824523926,-4.870208813336307,-3.8330883184230053,-4.6831735602225475,-2.1459657961844965,-4.379452703781203
76,,-5.401000022888184,-4.204412785689245,-1.6278578491077882,-2.5974721011325315,-2.2228555449917726,-4.470770670235774
77,,0.4970000088214874,-0.07332479839282957,-0.04418020663799904,-0.3023591845322473,0.7715229694798458,-0.611800407233372
78,,5.366000175476074,2.253251777364898,2.7587767278716107,1.549427649555207,0.9869311076638212,1.8770799658085995
79,,4.192999839782715,3.8169693218313983,5.413136581401833,5.261281375194638,3.440432380513837,4.365242085847222
80,,6.076000213623048,8.707636751482296,7.634305252623674,6.88178613696366,6.293797370003695,5.873839838920966
81,,9.060999870300291,10.79145203575152,8.150054658810067,6.618384323227568,6.209576818874746,7.119661761984458
82,,11.975000381469728,10.278661167468549,8.394270548320465,7.863563321860082,8.903148936080502,9.149558893615785
83,,11.406999588012695,10.931696732323811,7.5592168106386275,7.0347304413675396,9.73530137241609,10.459072111454105
84,,13.041000366210938,12.223432407083147,7.834335835781072,8.450613030994854,9.26832738131122,11.557804141758826
85,,10.482999801635742,11.88612027049711,8.39163240355891,8.067043229951352,9.83578310904116,11.61561240660996
86,,13.361000061035154,12.023329455864957,8.25412321968451,9.154275317504958,10.347217405130035,12.3806796505925
87,,11.869000434875488,12.655201968179153,7.833937811446724,9.908406431719088,9.633932798100606,11.63068733156414
88,,13.645000457763672,11.398477303338932,7.0396315682845945,9.869092153748769,8.794093557926113,11.628957734911241
89,,10.909000396728516,11.136527949477484,6.631943137308182,9.347358566826442,11.18016852170017,11.027270598644343
90,,12.295000076293944,9.745447374538958,7.917442658901738,8.989714952506967,8.599700446704317,8.451495921336502
91,,12.331000328063965,9.214554622686366,6.4107356036525855,8.122842952169812,7.850717333178258,9.555331873601357
92,,11.371000289916992,8.509912406844009,7.195469114864316,7.678889570148217,7.41221754242871,8.419731605781045
93,,10.37600040435791,6.130171704299962,6.291649025435401,5.064391935939507,5.02473370408935,7.176293552429145
94,,6.822999954223633,2.005010907891609,3.3818029026455934,3.159050557601412,2.0631066713115205,3.9700461913648173
95,,5.295000076293945,-2.084939126302559,0.037348334865964894,-0.6887223927222728,1.5265225004234648,0.484050058468954
96,,5.366000175476074,-4.345249584577097,-0.9541809396406107,-2.0510491634342385,1.0800793281649375,-1.6668905495324857
97,,4.868000030517578,-7.688831623805601,,-3.463876340640393,-1.7335606123731804,-4.2520908378125934
98,,-4.0869998931884775,-5.497145823904569,,-4.659674992992322,-2.77508437483987,-4.231005416464008
99,,4.72599983215332,-5.538554828289051,,-5.2311543849022275,-0.6795204648469948,-3.890788689074414
100,,0.2840000092983246,-2.8823404198464173,,-1.7329421943991496,-1.6243624717715939,-5.4060679878335325
101,,2.1679999828338623,-0.5525507021895786,,-0.5045193623512789,0.22186452157274417,-1.1338570188634103
102,,4.76200008392334,1.1764795061614062,,2.1573687020573526,1.2965571978656936,1.5763775153936916
103,,4.974999904632568,4.6074655099475414,,3.446401923164749,4.413997024056997,4.0558026723476175
104,,4.370999813079834,9.026411151405314,,6.488812599838994,5.86613510753973,5.228302119141332
105,,4.441999912261963,9.351786834255375,,7.093418307103011,7.848850237209856,8.640964057075754
106,,5.436999797821045,10.282090097767107,,7.3242516974445415,8.617707593903447,9.195867873607263
107,,5.010000228881836,9.752990100147741,,7.503798994413707,10.341239145417255,10.798230291481769
108,,5.258999824523926,12.04725433676239,,9.267864883613623,9.894724920880861,10.990658938798827
109,,5.329999923706055,12.735737751467358,,9.864342177395047,9.040570620390492,10.157769664026095
110,,8.38599967956543,13.522168704886797,,8.86856029247982,9.687363453165357,12.045379346096446
111,,8.421999931335451,12.875540344977363,,10.601563507368219,9.247901167207292,12.012647930092239
112,,8.244000434875487,13.283865285943005,,8.46260573445081,9.668830650688303,10.47493387459652
113,,8.244000434875487,9.743551989237702,,9.96901336684844,8.118248238201058,11.32843225729954
114,,7.498000144958496,11.471607860333858,,8.957208535382673,11.34007825195516,10.537356590160257
115,,7.960000038146973,10.696319614601814,,7.793879293760316,9.355325632428045,9.498318999527461
116,,7.14300012588501,9.004387247886566,,7.92616432600995,8.437148624338999,10.191010945913145
117,,5.756999969482423,7.16179872327135,,5.296509448177909,6.293882813657287,8.252527832889804
118,,6.040999889373777,4.307264002762529,,3.674495195568155,4.61846590748812,5.588741134840824
119,,3.3050000667572017,-1.5245221793217159,,0.263386683288644,1.6955519221210178,3.2906806589008886
120,,2.45199990272522,-4.319945105284409,,-2.5671558046843517,2.267391838551954,1.5741229213543284
121,,-6.289999961853027,-5.213199211128574,,-3.53839175916227,-1.4353561758384776,-1.8838763114416999
122,,-4.477000236511231,-5.657670682676283,,-4.466597006802532,-3.8060956896395073,-1.8579738088102964
123,,-2.736000061035156,-5.964750732921244,,-4.664898651198492,-2.019483531100226,-2.622747633200902
124,,-3.0199999809265137,-3.4673210603340348,,-3.0365028102916973,-0.688967786237499,-2.3327688136122644
125,,0.9950000047683716,-0.9055956551915303,,-0.8457643740955643,2.155522658615726,0.23629142343711607
126,,0.5329999923706055,3.5700575575836777,,2.2067329299971257,2.728274741558357,2.5889779021095594
127,,0.0,5.656277023963377,,4.297384364445231,3.8262082561013986,4.845732744860938
128,,4.441999912261963,8.506543015722736,,6.370134736692411,7.3224589432113145,6.903926816216867
129,,4.939000129699707,8.92546823286557,,7.76078159668479,7.231229463158347,8.59181167018666
130,,6.432000160217285,11.480501237113582,,7.918434101334571,7.76580032170063,10.585207667738043
131,,5.791999816894531,12.03184191348834,,8.13655143655797,10.20937598606746,11.423796914135238
132,,5.436999797821045,11.702727762406973,,9.671074060572817,10.872453606194636,12.250983585717655
133,,6.432000160217285,13.634466830056075,,9.984575131484302,9.974940968918666,11.313586278574043
134,,8.031000137329103,12.238449437588695,,9.533622113255587,10.540613152895842,12.47946665881214
135,,8.635000228881836,13.537857442574776,,10.743569379383572,11.001698357526728,11.67203844149999
136,,6.965000152587893,11.208969036220513,,10.815034155197388,11.561390966008203,12.21272851300073
137,,7.355999946594237,10.955722928506349,,9.794949759685696,9.305815352583766,10.192985936081271
138,,7.035999774932861,12.600316057201042,,9.19456130116426,9.203509282935308,11.457074380052685
139,,8.065999984741211,11.589690825126166,,8.764604231045332,8.879021424612858,10.287844016491437
140,,5.86299991607666,10.352565404822474,,8.591877459332833,7.252216036314806,9.083865799595767
141,,2.486999988555908,6.7013302918858395,,5.866402129236762,6.82814643688694,7.755150374718076
142,,-3.0199999809265137,4.618538933440372,,4.832050740604115,2.854917861105022,3.9104871128611434
143,,-8.883999824523926,-0.609662259982735,,1.2262621530708429,1.9778419641963665,1.7472148228280906
144,,-11.548999786376951,-2.657996141937704,,-2.4849101614870968,-0.8750109390269634,-0.5462540230093191
145,,-11.654999732971191,-5.28199426339067,,-4.193158894344817,-1.5359793591278192,-0.4057448540694111
146,,-14.960000038146973,-7.887560897651689,,-4.5639517853099765,-3.3821958262087684,-3.398156930961905
147,,-14.675999641418455,-6.047142428023003,,-4.837240556405877,-1.9750686206270798,-3.482566379176804
148,,-12.189000129699709,-3.9233030008962473,,-2.8345202631673345,1.2220036216390362,-1.0266904470956586
149,,-8.741999626159668,-2.5085179386999714,,0.11271111759055508,-0.04403283895057086,-0.19653668502081967
150,,-5.507999897003174,1.803133623401123,,2.2562642623681795,1.921622507225322,4.036066092968452
151,,0.1070000007748603,4.781147252234965,,5.874562697164547,2.083001967005828,4.654046651413097
152,,5.436999797821045,7.340388952636557,,5.827426747605667,5.868160590877545,7.099000680628693
153,,5.934000015258789,9.281783893269534,,7.520538384766074,8.96321968966854,9.267414885853796
154,,8.456999778747559,11.325517798124057,,8.827669048675723,8.408546135148637,9.921624129076793
155,,9.913999557495115,11.07244932110456,,7.292090837810524,10.09734693850603,12.532632183617814
156,,9.060999870300291,13.381070723088637,,9.471792157898872,9.186042264626263,12.282213035514722
157,,9.984999656677246,11.378226088363826,,9.90058147067322,8.95193816688272,10.871816767259677
158,,12.152999877929688,12.205369339109769,,10.426707798885547,10.975056384892335,11.089111080264445
159,,12.614999771118164,13.278072551622435,,10.456418177297468,10.061027382469526,13.43438032612443
160,,11.44200038909912,13.170334930065899,,9.223067738201209,10.7623640226624,12.843091822301705
161,,11.229000091552734,12.408237408141627,,9.221646692643862,9.838539016374366,10.55377164002199
162,,10.732000350952148,10.32242937063481,,8.66354026047663,8.821794077922437,12.294694552326746
163,,10.020999908447266,10.160195967736971,,9.461183000186944,8.991505075174345,11.655641812599185
164,,9.16800022125244,10.523017845751758,,6.848654065059257,8.821915129951396,9.701183121210548
165,,6.432000160217285,7.534194566783024,,6.027538744831455,4.412844398216038,7.339841093521798
166,,-0.0359999984502792,2.1342050015811487,,3.9624967223685506,3.4000950813205204,6.242707328286927
167,,-8.883999824523926,-1.474011904455601,,0.3942097162374383,0.19973634225731018,4.213136839766352
168,,-6.040999889373777,-3.9377522710703197,,-1.6722714437980102,-0.9349665616091976,0.8490633729427763
169,,-12.970000267028809,-4.607855514117356,,-3.437948180241982,-0.9932741660797877,-0.8706320134576604
170,,-11.121999740600586,-6.036824058337162,,-4.787004622279305,-2.9658742145257477,-2.006948725079802
171,,0.6399999856948853,-5.87389460627281,,-4.5306407669279825,-0.1381988175429898,-2.095036444457257
172,,-2.4159998893737797,-2.6664789944453062,,-2.268064530459232,0.9801791675920422,-1.8321943318822367
173,,-0.4970000088214874,-2.765650869170062,,0.20277645870198402,1.5891656096268836,0.8424140639390281
174,,1.9539999961853027,2.020750632167872,,3.409812138210336,1.470772777956098,2.6856367959233554
175,,3.9800000190734863,5.807232029059838,,4.571114169529792,5.130683382243974,6.371680946100352
176,,5.4720001220703125,7.593721573077939,,6.342566041697733,7.398019751265887,6.3526191166516295
177,,8.031000137329103,11.018098933776304,,7.528011373879915,7.558428821140335,9.031362113600597
178,,9.878999710083008,11.4847716105917,,9.116099849654901,9.647091285226754,9.802464195961624
179,,8.741999626159668,12.18375497302595,,8.374893671098004,9.74099476512594,10.096091681597041
180,,8.279999732971191,12.176147774053916,,8.627918069389562,9.49817886864611,11.380932653837402
181,,7.782000064849853,13.176376347359003,,9.164019347944706,11.009223977957507,12.022153803822839
182,,9.80799961090088,13.041886227402504,,8.91343572697618,12.372154035139886,12.293196533468379
183,,8.173000335693361,12.333454885686287,,9.12978925519067,11.798847678640742,11.342515739820886
184,,9.23900032043457,12.97850167452171,,10.102358755661523,9.297079211863396,10.313713624549752
185,,8.883999824523926,12.56658530406646,,9.99456981857097,9.71373897975775,11.289830475782278
186,,8.635000228881836,12.866416048294571,,8.868187268021018,9.409309574212116,11.44701653538569
187,,7.427000045776367,12.626806714799237,,9.24252093083323,9.85759878991227,12.011930828398949
188,,6.822999954223633,10.822954510505205,,7.444950438688705,6.0140622494199905,10.45812606353213
189,,5.7210001945495605,8.076056014031382,,6.733704801772054,5.494659571946589,9.633455826790847
190,,4.65500020980835,3.1174267516546736,,4.56869559604359,4.198015368991253,6.510890121511874
191,,4.192999839782715,-0.47377214699566395,,3.1576096108273486,-0.1237291527336053,4.744156646907491
192,,5.401000022888184,-2.3625903756812194,,-1.0746296821293155,2.2283005857871623,1.8170250016156433
193,,3.1979999542236333,-3.4615664837182454,,,-0.54707375577064,0.05400088354538379
194,,1.315000057220459,-5.01869294257536,,,0.7426994287583417,-0.7398655591745751
195,,-0.8880000114440918,-5.82908759248847,,,-0.6579732036922721,-0.5815235842728965
196,,3.127000093460083,-4.64370467775872,,,1.6265016079717682,1.1032009235875906
197,,4.122000217437743,-1.9012630669924153,,,2.199940200654719,2.9286508822060306
198,,4.406000137329102,1.7080475835994684,,,4.211793507637923,4.4887422934083165
199,,4.477000236511231,4.766641691222699,,,4.157831194035656,6.397247924086272
200,,3.696000099182129,9.337184933262183,,,5.5333899712446195,7.210409172068841
201,,4.441999912261963,8.399908020256067,,,8.1833426509909,9.705812703426773
202,,5.081999778747559,10.25639088359738,,,8.447840018483644,10.151297985717015
203,,6.502999782562256,12.930475597815104,,,9.958173947124905,11.384070138218412
204,,6.361000061035156,13.301097437000212,,,11.30518303093331,12.377534271513948
205,,7.923999786376952,12.792370364276373,,,10.455719496565106,13.190760486278363
206,,10.58899974822998,14.225029021705048,,,10.852622783863577,12.50292838412051
207,,9.345999717712402,13.81033634928128,,,9.75390325349663,12.478898898480665
208,,9.16800022125244,13.277465317803253,,,12.113495454370032,11.19543291939533
209,,9.772000312805176,12.000650621396051,,,11.903939918629646,11.908041214002097
210,,9.20400047302246,12.867954856423568,,,11.536756878115021,11.787126684358483
211,,9.630000114440918,10.943379568901289,,,8.8381071546076,10.25686127599252
212,,8.421999931335451,9.793004374633346,,,6.920101077803605,10.622562744935315
213,,7.676000118255615,6.441456996768328,,,5.512713182730204,7.398129948085728
214,,6.894000053405763,3.1625498822863767,,,3.343497830177574,5.812986112257032
215,,5.188000202178955,0.43807693206869036,,,3.1554620886233824,1.6792809504894044
216,,4.974999904632568,-3.0684862037039125,,,1.7935738025706618,-0.04407757556996916
217,,-0.6399999856948853,-5.388156234896353,,,-3.020021313392329,-2.101731147971866
218,,1.812000036239624,-5.593701264286008,,,-1.0215444200819732,-2.494300904211893
219,,-7.639999866485598,-5.168626406704611,,,-1.4656329987989531,-3.3420920784843684
220,,-4.192999839782715,-4.168812305020415,,,1.2702941707132593,-0.04940452273563167
221,,-0.6039999723434448,-1.4010655570699617,,,0.422503654332246,-0.12048245836994642
222,,-1.350000023841858,0.6845020211075923,,,2.64315098768888,3.5827417049659154
223,,2.131999969482422,3.9275301201231017,,,4.456404296498228,6.74676328939602
224,,3.163000106811523,8.366138122579512,,,7.125222096146172,8.914271249132582
225,,4.90399980545044,9.341801357649171,,,7.778907328819898,8.076637919029286
226,,5.295000076293945,10.193658301155164,,,8.495316755819701,9.437369960838009
227,,4.868000030517578,10.51576196082029,,,6.15477396669368,9.97962384034329
228,,6.857999801635742,13.036666516545104,,,12.628846836222074,11.699050149135878
229,,8.670999526977539,13.785544367437284,,,9.998316510445548,11.20372235181318
230,,10.94499969482422,12.396096679106781,,,10.586593187156454,12.795278244537238
231,,11.015999794006348,12.251263847480356,,,10.100860736803153,11.344870991253895
232,,10.58899974822998,12.382080959405993,,,9.012181945925194,12.659908523696398
233,,10.803000450134276,11.398279935900412,,,8.863088609192577,10.581339923834506
234,,10.87399959564209,12.218401511075264,,,8.362939125346829,12.699209643837484
235,,11.619999885559082,11.6067815295191,,,7.891308578475803,11.260958251092607
236,,10.553999900817873,10.315680720020339,,,6.626672439862498,9.945300984893148
237,,9.060999870300291,7.059700876270531,,,5.936883932970312,6.713444376316485
238,,6.432000160217285,2.744873672083645,,,3.726435397526349,5.399736442518146
239,,2.38100004196167,-0.18103742007382007,,,1.6001458181232295,2.525967360524762
240,,0.4970000088214874,-2.7838159103200084,,,-0.037313793451878574,0.22994145504845598
241,,2.2739999294281006,-4.870929862378368,,,-1.2233098630239647,-1.5946323566158194
242,,0.4970000088214874,-7.206960338441219,,,-0.16595065307332924,-2.1973865928336513
243,,0.3199999928474426,-5.83587045345895,,,-1.0266628156542659,-1.5508733639300223
244,,-0.8880000114440918,-5.263572644570647,,,0.4811250730300829,-2.1804169404696765
245,,1.065999984741211,-2.474705607024136,,,0.8447831310927327,-1.0189661434434365
246,,2.700999975204468,2.355021007580581,,,0.8401982854959069,3.2655857180387633
247,,5.152999877929688,3.055784788783149,,,4.8891483593219265,4.996686064110528
248,,4.014999866485597,7.117868678805502,,,6.989063070024116,8.022177005935458
249,,4.263999938964844,8.218678330346382,,,7.8042509526545585,9.738428988425177
250,,4.76200008392334,9.044368956744815,,,7.8790780472564315,9.313871233532703
251,,6.324999809265138,11.506514265510557,,,7.8686225072008185,9.597383637943954
252,,6.289999961853027,12.049218800667127,,,10.114298169909077,10.660123084268653
253,,6.716000080108643,13.472952502525914,,,10.792628345685102,13.085775482597723
254,,9.878999710083008,12.539278203164255,,,11.24553595944663,12.044293167293123
255,,8.670999526977539,12.742785084805456,,,11.259291812020033,13.440311875543427
256,,8.847999572753906,12.840064205794803,,,7.745832493472666,12.463719368784067
257,,8.244000434875487,11.256868139875003,,,7.65477801254852,12.810909745668045
258,,8.989999771118164,12.253771729732486,,,8.16008552992713,10.981557010425732
259,,6.787000179290772,9.38795836471299,,,9.565254192627236,11.005680574544606
260,,7.071000099182129,8.790119235605776,,,7.715077547892376,9.636974888219665
261,,5.6500000953674325,8.586008738548433,,,5.809601671868572,9.477987521794024
262,,2.984999895095825,4.060691134854034,,,3.1292664953457754,6.6292434796949555
263,,-1.4919999837875366,-0.08002640976778697,,,1.046630152575979,3.181772483961061
264,,-6.716000080108643,-2.108648218800541,,,-0.5852814603023226,-0.17798151423406416
265,,-14.28499984741211,-5.5518639725599375,,,-3.011335830314513,-2.3640377368970347
266,,-11.371000289916992,-6.278563644385592,,,-3.46685987841936,-3.6662621752308002
267,,-9.097000122070312,-4.4688443640358155,,,-1.8127444287075232,-3.918608287425311
268,,-16.274999618530273,-5.177300047736116,,,0.29990623832951613,-0.605197808523406
269,,-7.782000064849853,-1.6014073228887593,,,1.220031263036757,-0.08528987040739189
270,,-6.502999782562256,1.0650790738916642,,,2.7476105005644595,2.2238249501729834
271,,-1.5640000104904177,3.165481117694134,,,4.307055780114889,5.737636939662056
272,,3.233999967575073,8.41353920239747,,,7.275668057724116,7.316619663069827
273,,5.258999824523926,8.468819519306889,,,7.067406923434691,9.879342102722589
274,,6.644999980926514,9.378657753118453,,,8.72680968235162,10.893689026796496
275,,7.320000171661378,11.226983420225721,,,10.461572099008695,11.463928951192495
276,,8.777000427246094,11.84866124644888,,,10.923015854486227,11.401461499009358
277,,10.87399959564209,12.314869451892292,,,10.688709126172471,11.223456464099364
278,,11.194000244140623,12.760481707234648,,,8.973209771514977,12.120973706615565
279,,10.66100025177002,13.498918820629106,,,10.532889507135081,12.656849328399336
280,,10.199000358581545,12.437289895091816,,,9.6442037996012,13.102266189977556
281,,10.126999855041504,12.123778955808401,,,10.584803722380537,11.489738033236332
282,,9.666000366210938,9.992882326971621,,,9.345206603855107,11.58700268061352
283,,10.055999755859377,9.535622103299259,,,8.276132978536832,10.988183293228321
284,,8.635000228881836,9.488902599035658,,,8.149855975588622,10.234322572404963
285,,8.493000030517576,7.315485129244066,,,4.783932805802165,9.32257974281168
286,,5.223999977111816,3.610361468785311,,,3.2943929759465895,6.208331677046981
287,,3.696000099182129,-0.15168526356281298,,,0.04479632410425882,4.49879314797853
288,,-0.3910000026226044,-2.4623563263959207,,,-0.7164794913843053,-0.05695711671634207
289,,1.883000016212464,-5.075435423258483,,,-0.13331923657130673,-0.4117731135332825
290,,1.4919999837875366,-5.181994103315592,,,-2.478282562901586,-3.5510134068556436
291,,-1.2079999446868896,-5.709434240777002,,,-3.351297953708416,-3.565554781834358
292,,-8.564000129699707,-4.803724275887822,,,-0.057406456584706334,-0.4357631256854244
293,,-12.152999877929688,-2.5050001930540784,,,0.43314307505141336,-1.3394000745786796
294,,-6.857999801635742,1.2304733163174042,,,3.6295353864918276,3.398622555756293
295,,2.203000068664551,3.3137700176419163,,,5.50872956769297,5.884737317565999
296,,4.051000118255615,5.978901898139061,,,8.039973627866832,8.455097877089496
297,,4.584000110626222,7.025624072227078,,,7.6865225913601245,8.94239018809857
298,,5.6500000953674325,9.559923956004264,,,7.236575653649266,10.555260448399896
299,,7.498000144958496,10.931734232137131,,,7.872742223534199,9.892222301760423
300,,8.065999984741211,11.587625703827783,,,10.678369703959854,11.545516045036553
301,,9.878999710083008,12.1561426104855,,,10.563567643887215,12.259055256061675
302,,9.52299976348877,12.218915324306879,,,9.362327571255282,12.421450500259098
303,,9.737000465393066,12.629784331555046,,,11.508837280261941,12.08893241875472
304,,8.954999923706055,12.613297571523983,,,10.508390286991556,11.69389228007588
305,,9.48799991607666,12.031007049223398,,,8.757100321032791,11.62305513271656
306,,9.45199966430664,11.049706671163868,,,9.305537722386914,9.216701980417467
307,,8.812999725341797,10.293174253114408,,,8.646500871617711,10.501059402433452
308,,9.48799991607666,7.811231674482156,,,6.580427275342807,9.047262034447792
309,,5.685999870300293,7.037033554902205,,,6.116109356541823,7.715510276001331
310,,3.127000093460083,2.542386851153862,,,3.602672526799157,5.531734017317218
311,,-8.137999534606934,-1.2045395617292227,,,2.1598029004657695,1.622581890642755
312,,-11.229000091552734,-3.0537770664024553,,,-0.1167449769758333,0.3799124189910277
313,,-10.234000205993652,-6.016384686404001,,,-0.999810317752118,0.37268087604364375
314,,-13.432000160217283,-5.070972945473539,,,-2.143894095971495,-4.165162981082176
315,,-14.142999649047852,-5.012650209499329,,,-0.934351433092476,-1.9372642035614405
316,,-13.574000358581545,-2.8671740479790557,,,-0.9797610754557642,-1.5905836925603065
317,,-11.406999588012695,-1.9710660089738887,,,2.2296328159971743,0.9607411064636402
318,,-5.7210001945495605,1.2712583106504307,,,1.864578054361262,3.200666304377744
319,,0.0710000023245811,3.7334657901593076,,,5.724631042236814,5.563266343895981
320,,2.8429999351501465,6.2404885893322275,,,7.741077582932982,7.793473210255561
321,,5.4720001220703125,8.328697848437942,,,7.442262294176059,9.25334390327022
322,,7.355999946594237,10.247989609631032,,,8.296880901565547,10.631694278424188
323,,8.031000137329103,11.160880459825043,,,9.010204324191221,10.43808142647601
324,,8.493000030517576,10.186030049656356,,,8.55327107257534,9.764256491429942
325,,10.234000205993652,11.936878570444296,,,7.687411896143524,11.958981749884185
326,,12.86400032043457,14.082216574757608,,,10.805253940727244,12.874075220692081
327,,12.01099967956543,12.55515115046152,,,10.385179716146492,12.760810652965516
328,,10.553999900817873,11.106320205120491,,,8.16165624579202,11.229441302726762
329,,11.512999534606935,11.234630750576923,,,9.233893342204047,11.576948783295297
330,,11.654999732971191,10.723178691418578,,,6.973207885796319,10.217993706324718
331,,10.767000198364258,10.302228155410795,,,8.816439499315381,11.391954967387298
332,,10.625,7.954311883254522,,,6.0801937458628235,10.825965021834103
333,,5.258999824523926,6.80918337339391,,,5.2714731418923115,10.321826742055862
334,,-1.6699999570846558,3.9244885234226388,,,2.264362906262129,6.051972175828806
335,,-6.502999782562256,-1.040084459365108,,,1.044151875439626,4.4362277522040285
336,,-11.229000091552734,-2.7842461713359823,,,-0.08316422309452864,0.9943705443131137
337,,-14.00100040435791,-6.309008229668811,,,,0.06401991261613649
338,,-16.346000671386722,-7.082970166213997,,,,-2.9903359348559526
339,,-15.458000183105469,-5.307688214428705,,,,-1.2653188644215474
340,,-13.218999862670898,-3.9150425157027122,,,,-0.37123121009536675
341,,-10.234000205993652,-1.8885276040761623,,,,0.3009680751487558
342,,1.6699999570846558,-0.6039543936607279,,,,4.040053079699428
343,,0.2489999979734421,4.098857556696493,,,,7.059867158337484
344,,4.76200008392334,6.1480864177487184,,,,8.06717513718943
345,,6.716000080108643,7.477455046611478,,,,8.752651658968544
346,,8.244000434875487,8.356426986712851,,,,9.107748575439645
347,,8.314999580383299,10.841418892270243,,,,10.628039033462795
348,,9.772000312805176,10.773594887805665,,,,11.960780425140566
349,,9.80799961090088,10.618153556358774,,,,12.225750158702837
350,,11.690999984741213,12.313495774520192,,,,12.796343370813787
351,,12.116999626159668,11.272104248237309,,,,12.997844999279621
352,,11.548999786376951,10.031329503995376,,,,12.46180095728165
353,,12.08199977874756,11.362980769521055,,,,11.933496350439523
354,,11.690999984741213,11.116568838311387,,,,11.11952079730019
355,,10.020999908447266,9.662548774065932,,,,10.096064708047109
356,,9.701000213623049,7.881289220459321,,,,8.395203438413205
357,,6.076000213623048,6.331529583481409,,,,8.008236285861306
358,,2.131999969482422,3.1054516467953204,,,,3.4204489273636565
359,,0.4259999990463257,-2.323400439197168,,,,0.37186838008840173
360,,-10.909000396728516,-3.023222613245128,,,,-0.4253954141399534
361,,-13.574000358581545,-5.6522608411864415,,,,-3.3599860683520806
362,,-9.984999656677246,-6.979843048021296,,,,-3.466519748533642
363,,-4.3350000381469735,-7.3457491212086925,,,,-3.2517662123540916
364,,-15.67099952697754,-4.689832079706761,,,,-2.3656772024196773
365,,-8.314999580383299,-3.2163946779139465,,,,-2.4890647460679496
366,,3.0559999942779537,0.40738201908428273,,,,3.1305531665720627
367,,4.051000118255615,4.726781281102708,,,,5.163076457004875
368,,4.796999931335449,5.6404836815329835,,,,8.95466578488307
369,,6.432000160217285,7.984314036529723,,,,9.463311279065653
370,,2.8429999351501465,8.885436195310499,,,,9.392983339697718
371,,3.4820001125335693,9.956906848169604,,,,10.865055616707433
372,,4.939000129699707,10.533856607583832,,,,12.381588856592616
373,,6.2189998626708975,11.403899644766547,,,,12.099563286884884
374,,5.507999897003174,10.750956842607387,,,,12.629009335413123
375,,1.2079999446868896,11.587144785169254,,,,12.664138107903888
376,,2.025000095367432,10.555146633177015,,,,11.597302629338433
377,,1.9900000095367432,10.58473661745144,,,,12.336461449666412
378,,2.8429999351501465,10.245571200617697,,,,10.577920861907874
379,,2.8429999351501465,10.352454879056904,,,,11.367460352484006
380,,2.9140000343322754,7.722807443622023,,,,9.27615300024855
381,,4.014999866485597,6.635071411208729,,,,7.786577520899392
382,,3.696000099182129,2.7338118850460438,,,,5.596785009270584
383,,4.90399980545044,-0.14113367135378674,,,,1.7160926093392868
384,,5.685999870300293,-2.4806930772173796,,,,-0.4965319021143628
385,,3.766999959945679,-4.189251019062116,,,,-3.6303570908151883
386,,-2.131999969482422,-6.02587937597975,,,,-1.9129314299577347
387,,4.263999938964844,-5.550449505917209,,,,-3.5671060899011273
388,,-12.331000328063965,-4.543207151738571,,,,-1.1483674729434226
389,,-0.9589999914169312,-1.7208402809605472,,,,0.23547892748187405
390,,-0.6399999856948853,0.03864536788277384,,,,1.0857904839442534
391,,2.2739999294281006,3.755938046709228,,,,7.775341557097297
392,,5.86299991607666,6.460519977527109,,,,6.361836011557662
393,,7.355999946594237,7.835395369980196,,,,9.3379204559164
394,,8.137999534606934,9.281441460763702,,,,8.84120253393506
395,,7.639999866485598,9.519509025618461,,,,10.577416259156722
396,,10.37600040435791,9.290702269924804,,,,11.569043559491096
397,,11.229000091552734,11.437234347241162,,,,10.569513009026908
398,,11.619999885559082,11.427992287986719,,,,12.868566695482981
399,,10.767000198364258,10.538285532904226,,,,11.517983287362972
400,,10.625,10.666581604748497,,,,11.314007329109554
401,,10.979999542236328,12.689455087134348,,,,12.13689928522977
402,,10.979999542236328,12.313104329100458,,,,8.678002688479936
403,,9.666000366210938,9.991031678289763,,,,11.121260262325016
404,,11.300000190734863,8.874831971784534,,,,8.824191434408995
405,,8.635000228881836,7.971511797630104,,,,8.723034701144188
406,,2.025000095367432,2.7290056589723437,,,,4.664074315309284
407,,-6.857999801635742,-0.5130982670122943,,,,2.0551646055854635
408,,-10.553999900817873,-2.075848382084314,,,,-0.6445430073924276
409,,-14.00100040435791,-5.223899815753683,,,,-2.1341573023378277
410,,-14.640000343322756,-6.475537663811773,,,,-2.9858254309943035
411,,-8.065999984741211,-6.631201362572732,,,,-0.8759708026696336
412,,-9.80799961090088,-4.599998316389863,,,,-0.3179209491681112
413,,-10.126999855041504,-2.0448465627330075,,,,0.06491332922117099
414,,3.872999906539917,-0.2891964211115976,,,,2.8741314167721073
415,,3.4110000133514404,3.818749658363284,,,,5.65154596198918
416,,6.076000213623048,6.7444777744579545,,,,7.906582844542889
417,,7.923999786376952,7.693249696029223,,,,8.285332932737724
418,,9.097000122070312,8.042865389786886,,,,8.812277020036987
419,,8.208999633789062,9.327294193026468,,,,11.587095443309625
420,,8.527999877929688,9.647561348676163,,,,11.899909017643598
421,,8.137999534606934,11.320250719081411,,,,10.407390131894642
422,,9.772000312805176,10.029794643215151,,,,11.955200189762136
423,,9.274999618530272,11.386729335506743,,,,13.434169142965214
424,,9.48799991607666,10.978774129542597,,,,11.985875694948422
425,,8.706000328063965,11.354493311773222,,,,11.48917948338532
426,,7.994999885559082,10.971309693017758,,,,10.896210066877863
427,,9.131999969482422,9.658529386180465,,,,9.720675129438813
428,,8.031000137329103,8.235743048026578,,,,8.89680883606377
429,,5.507999897003174,5.53857004414145,,,,8.739854354254888
430,,2.630000114440918,2.8478675672553457,,,,5.354769684463254
431,,-2.0610001087188716,0.5850153453183973,,,,3.302461027887569
432,,-8.279999732971191,-2.0727345817959257,,,,0.8254174380251218
433,,-13.255000114440918,-5.488986653996141,,,,-1.3600572085856761
434,,-14.392000198364258,-5.974762525185916,,,,-3.594659900101483
435,,-13.717000007629396,-6.3372422996406,,,,-2.694047936149283
436,,-11.371000289916992,-5.317628954415509,,,,-1.3440434725156
437,,-8.493000030517576,-2.7364444356178286,,,,0.009916234586028416
438,,-3.908999919891357,0.01183135663113788,,,,2.981594039697639
439,,1.6349999904632568,3.624485247158689,,,,4.189025199930222
440,,6.005000114440918,5.392975291965903,,,,6.534673226799301
441,,8.244000434875487,6.996124876974373,,,,8.728308359101451
442,,10.446999549865724,8.595970531062013,,,,10.919090216134059
443,,10.092000007629396,10.025307165554661,,,,10.88644103656257
444,,10.696000099182127,8.548517477818578,,,,9.280379952890193
445,,12.685999870300291,9.846437003372486,,,,10.7989243669739
446,,13.680999755859377,10.814032186501166,,,,12.17345634008396
447,,14.321000099182127,11.219575562366593,,,,11.635317571671827
448,,13.041000366210938,11.223449227293285,,,,13.077228814618334
449,,10.482999801635742,10.661587550662475,,,,11.711611928706233
450,,13.432000160217283,9.8469284482944,,,,10.38263038673227
451,,13.005999565124512,9.724723793494327,,,,10.452195829896059
452,,10.94499969482422,9.211746412981952,,,,9.561842367506681
453,,7.994999885559082,6.9218045232709,,,,8.437024940744193
454,,0.7820000052452087,4.350946433329466,,,,5.177402639798276
455,,-7.214000225067139,0.08908426152529003,,,,1.6723967742338166
456,,-11.121999740600586,-2.5459453839580375,,,,-0.4262690940011371
457,,-13.574000358581545,-5.2359484399838845,,,,-2.344375992671643
458,,-13.645000457763672,-6.195837740421272,,,,-1.9700061458290348
459,,-12.543999671936035,-5.518310192228563,,,,-3.661122069240271
460,,-10.411999702453612,-5.551536342611993,,,,-1.6154710686662543
461,,-7.249000072479247,-3.2380636489890904,,,,-0.38716928864734257
462,,-4.796999931335449,-0.5496329535567872,,,,3.5945696066107065
463,,1.350000023841858,3.6343870070763873,,,,4.921499390706601
464,,5.578999996185303,6.073734649727948,,,,5.298449672894105
465,,8.670999526977539,6.917061783723257,,,,6.502440163577358
466,,11.869000434875488,8.588581423109545,,,,8.671662588463201
467,,12.685999870300291,9.1652160525136,,,,9.615793414717665
468,,12.04599952697754,10.065020125750792,,,,10.44209851174136
469,,12.82800006866455,10.282957198713675,,,,11.690504796939411
470,,13.361000061035154,10.062697110999407,,,,12.881807419041845
471,,13.07699966430664,10.951163740676531,,,,11.601597344800634
472,,12.649999618530272,10.719003054310951,,,,12.109648762993272
473,,12.366000175476074,11.694527803227917,,,,9.77795773901202
474,,11.583999633789062,10.80734603557556,,,,10.619673285635379
475,,10.092000007629396,8.74083395464141,,,,10.899610049952106
476,,11.975000381469728,8.679426365603128,,,,8.759210836842035
477,,8.421999931335451,4.857770061581642,,,,7.2624123671344964
478,,1.4210000038146973,2.806788166493193,,,,2.808777465800612
479,,-3.2690000534057617,-0.4397071849985217,,,,1.8261210089655822
480,,-9.878999710083008,-1.5275701904639307,,,,0.2815490928727433
481,,-9.48799991607666,-5.238629347690452,,,,-2.649709341085698
482,,-14.28499984741211,-6.906561833881632,,,,-1.9760021686112808
483,,-13.538999557495115,-6.253078244940928,,,,-1.0247463778262338
484,,-12.295000076293944,-6.0108057668084935,,,,-1.4769296530883933
485,,-7.0,-4.0624253346348205,,,,0.19979686827178966
486,,-0.8880000114440918,0.0893855758147648,,,,3.1587050001111363
487,,2.630000114440918,2.275748375898903,,,,5.490051124493572
488,,6.324999809265138,5.104766940537225,,,,6.674548846261558
489,,8.527999877929688,7.853922909325558,,,,7.861340964502343
490,,11.406999588012695,9.434626553442577,,,,9.260049133048218
491,,10.553999900817873,9.303254510068964,,,,9.327648138632881
492,,13.18299961090088,9.035557816397807,,,,11.305525134493411
493,,14.355999946594238,10.242721214805464,,,,12.739984440852854
494,,15.208999633789062,11.126466815353181,,,,12.437696472015165
495,,13.645000457763672,12.237492863403332,,,,12.009355841217722
496,,12.04599952697754,10.428361080128886,,,,11.207532859159546
497,,12.437000274658203,10.917677065274253,,,,12.4156617132873
498,,13.255000114440918,10.588847781195817,,,,9.386832712421963
499,,12.04599952697754,9.442925525286624,,,,9.699879180333392
500,,10.87399959564209,8.028525000649731,,,,9.072615197708647
501,,8.527999877929688,5.917543650960409,,,,6.564055646317549
502,,0.9950000047683716,1.9599377770109978,,,,3.785173756431509
503,,-4.72599983215332,-0.9707255941203048,,,,3.940084827360243
504,,-7.923999786376952,-1.6511182596288663,,,,-1.2457643565044183
505,,-12.04599952697754,-5.443413854550343,,,,-2.620483170789613
506,,-14.071999549865724,-5.37412735736633,,,,-3.4810973075427523
507,,-0.4259999990463257,-6.951906344990208,,,,-3.133861536147913
508,,-12.295000076293944,-5.607002513859353,,,,-2.4148157735880753
509,,-8.35099983215332,-2.755308815391598,,,,-1.260554414455668
510,,6.040999889373777,0.42220661633727286,,,,1.9967458174578407
511,,5.828000068664551,2.7759768067200583,,,,5.979637749739012
512,,5.152999877929688,5.046526194286433,,,,7.4103027493293325
513,,6.289999961853027,6.879913284444967,,,,8.588996552621898
514,,6.361000061035156,8.661208364190513,,,,8.744355647636073
515,,5.86299991607666,9.350930917463659,,,,10.383116568522492
516,,6.1479997634887695,9.777957081120558,,,,10.875712800496068
517,,8.598999977111816,11.392925357293356,,,,11.935661471240088
518,,9.48799991607666,10.09659167910796,,,,13.205540017966225
519,,9.3100004196167,11.750136079031009,,,,11.957054127901305
520,,7.604000091552732,10.300711057700035,,,,11.159581782079579
521,,9.026000022888184,11.548643661045638,,,,11.676183157708916
522,,8.065999984741211,10.246145539863791,,,,12.988601624242255
523,,7.676000118255615,9.52681425240956,,,,11.920137864309005
524,,6.928999900817871,8.751328310293266,,,,9.54588323642793
525,,7.10699987411499,6.50292996377062,,,,7.5990592109798545
526,,4.477000236511231,2.597241512287539,,,,5.9487228542970865
527,,1.1729999780654907,0.009931366089648286,,,,2.7549362864637366
528,,-1.7059999704360962,-2.608295073569523,,,,-0.3667009694898642
529,,1.2790000438690186,-6.002479492468783,,,,-2.8208926994289696
530,,0.1070000007748603,-6.625547443350586,,,,-1.540966834299227
531,,-0.6039999723434448,-6.204940326685827,,,,-1.9899777569329036
532,,-0.9589999914169312,-5.8306461373613185,,,,-1.6629826742497835
533,,-0.3199999928474426,-2.2408929551981425,,,,1.131548150890799
534,,-2.131999969482422,-0.777233136309623,,,,1.8575287473487787
535,,0.9589999914169312,2.4506754656051735,,,,5.21264740677739
536,,3.163000106811523,4.076686614436046,,,,7.781890702125997
537,,5.188000202178955,6.502521084227151,,,,7.354612401566388
538,,5.7210001945495605,7.6672244966402054,,,,8.963456530594765
539,,6.716000080108643,8.663243551427387,,,,8.314082789615515
540,,6.5380001068115225,9.729363244082478,,,,10.512317241126649
541,,8.777000427246094,10.349260158118721,,,,10.215979242668887
542,,10.87399959564209,11.403019385990746,,,,10.866187847913078
543,,9.701000213623049,11.4961669486004,,,,11.55597322982082
544,,9.913999557495115,11.81512062394674,,,,10.838397196786497
545,,10.092000007629396,10.370390973978164,,,,10.008357249934537
546,,8.137999534606934,11.005691100807994,,,,10.278751298598806
547,,9.630000114440918,9.449549176523366,,,,10.937805912437476
548,,8.031000137329103,8.161862494765273,,,,9.376766315165966
549,,5.436999797821045,5.71360124517154,,,,7.922165332759798
550,,-0.4620000123977661,2.9910461308012413,,,,5.846947785294681
551,,-6.787000179290772,0.5526855720515798,,,,2.732094623858052
552,,-11.050999641418455,-3.1491542231759286,,,,0.9477622237065448
553,,-13.859000205993652,-5.679975176903461,,,,0.2376973374908422
554,,-14.782999992370604,-5.060301945964209,,,,-0.8838391845519764
555,,-14.427000045776367,-6.540761023328114,,,,-1.735334287754016
556,,-12.437000274658203,-5.84120332164777,,,,-0.16052239062255946
557,,-8.883999824523926,-3.832929766580728,,,,-1.2951424001648881
558,,-4.868000030517578,-1.4615310455350397,,,,2.8960954521678386
559,,0.9589999914169312,1.6509393152636207,,,,5.408929673890665
560,,4.619999885559082,4.5262316627002175,,,,6.17210850210962
561,,7.355999946594237,7.366967438744893,,,,6.7248485958599185
562,,9.878999710083008,7.455144302415413,,,,7.74153185698731
563,,9.274999618530272,8.773867013880821,,,,9.201857317474893
564,,11.336000442504885,8.886021718711442,,,,10.235294278093946
565,,12.756999969482422,9.708703478509634,,,,10.402227657594413
566,,11.904000282287598,12.099285656688032,,,,13.089409675032343
567,,11.833000183105469,10.81005062737475,,,,11.13423914508211
568,,11.300000190734863,10.578749147258197,,,,12.019644605787784
569,,11.300000190734863,11.579896794935326,,,,10.808686818374575
570,,9.878999710083008,10.762185076184807,,,,11.011768702131496
571,,9.416999816894531,9.68572201396833,,,,10.382934332587592
572,,7.923999786376952,7.8615998447925355,,,,10.905755414096166
573,,5.507999897003174,5.4778229781307495,,,,7.288920787802157
574,,0.0,3.0826999508470276,,,,5.3431846886816015
575,,-5.828000068664551,-0.8071902240196955,,,,3.7517079690831423
576,,-9.559000015258787,-2.8813871351183638,,,,0.04436869465413196
577,,-12.89900016784668,-6.508682235653948,,,,-0.3189512071971867
578,,-13.822999954223633,-5.374395119191256,,,,-3.519810272717047
579,,-13.218999862670898,-7.0178665429436915,,,,-3.33936182891817
580,,-7.960000038146973,-5.369058961545129,,,,-0.8792457863661474
581,,-7.568999767303468,-1.7231797429984743,,,,0.6545156572274724
582,,-4.051000118255615,-0.19905772510218522,,,,3.631269259439228
583,,1.2079999446868896,2.3395964133144886,,,,6.028192853417284
584,,5.401000022888184,5.010686487834831,,,,7.353157474598762
585,,9.131999969482422,6.579798988996851,,,,7.985684095498785
586,,10.66100025177002,7.2641350559270474,,,,9.397053056280004
587,,9.913999557495115,8.57050026312097,,,,11.074860493311817
588,,10.482999801635742,9.821502916972754,,,,11.713106658107293
589,,11.44200038909912,10.68471835656559,,,,9.02063585120848
590,,12.402000427246096,10.363022589606741,,,,11.100737338176213
591,,9.80799961090088,11.89214063526344,,,,12.178184606019446
592,,9.131999969482422,11.648014218991836,,,,11.300094240476795
593,,9.80799961090088,11.130581268554868,,,,10.412842736329495
594,,8.279999732971191,10.493554176637986,,,,8.893540431281872
595,,8.208999633789062,10.03800710233198,,,,9.875194754947817
596,,7.532999992370605,7.156941839555096,,,,10.813936134347752
597,,7.0,5.714545319419129,,,,7.556913368158231
598,,5.223999977111816,3.213142229112343,,,,5.036232824476138
599,,4.939000129699707,-1.5733870676420327,,,,2.6508177258382006
600,,4.300000190734863,-2.3765514903906837,,,,-2.661137573667485
601,,-0.9240000247955322,-3.874880873529678,,,,-0.9846768404578432
602,,1.1369999647140503,-7.056892664453773,,,,-2.552215747479827
603,,1.919000029563904,-6.4629127266610915,,,,-2.0084638491161764
604,,1.24399995803833,-5.721920362829257,,,,-1.7626723095549242
605,,2.38100004196167,-3.809682513888884,,,,-1.007593831635897
606,,3.7309999465942383,-0.405509986817572,,,,2.803355288845863
607,,4.833000183105469,3.015007195729067,,,,6.208508978795918
608,,4.441999912261963,5.805536149344352,,,,7.675937940105147
609,,4.584000110626222,6.143361605743408,,,,8.311529512852523
610,,5.081999778747559,8.605493181024887,,,,10.465675368055532
611,,6.610000133514402,9.078778324922174,,,,10.064999073224016
612,,6.324999809265138,9.271744140617738,,,,9.13811224007307
613,,8.706000328063965,9.985126444529236,,,,11.56939026829143
614,,9.984999656677246,10.951471633880622,,,,13.00054103848981
615,,9.45199966430664,10.784265229423536,,,,13.493053060356283
616,,9.666000366210938,10.372538331709265,,,,10.320317539042643
617,,8.493000030517576,11.2869778584042,,,,11.909327391809787
618,,10.126999855041504,10.230271934675066,,,,12.049448404787272
619,,9.274999618530272,9.256886319845929,,,,12.161788635010101
620,,9.3100004196167,7.103751643819606,,,,10.550092710967974
621,,6.573999881744385,4.593720183637527,,,,8.617163517664592
622,,5.543000221252441,2.6225903992538933,,,,5.388652986180524
623,,2.736000061035156,0.12654131189913453,,,,2.074265826285458
624,,2.630000114440918,-3.528318125100194,,,,0.5291320708842981
625,,0.3199999928474426,-5.324739445333934,,,,-1.4576448806705748
626,,-1.350000023841858,-6.221291561075773,,,,-2.919234973020478
627,,-0.4970000088214874,-4.756344906488101,,,,-3.281351591388285
628,,0.2129999995231628,-6.088871167657889,,,,-2.916673801559946
629,,1.7059999704360962,-2.842001146978715,,,,-0.05243542869984186
630,,2.025000095367432,-0.8047185257979601,,,,2.7313607459324873
631,,3.2690000534057617,1.6047948081375751,,,,4.567154074112315
632,,4.2290000915527335,4.063500166922774,,,,6.337532267414705
633,,4.72599983215332,6.083010754865537,,,,7.308877431875272
634,,4.619999885559082,8.84868308880071,,,,9.413776657237293
635,,4.1579999923706055,8.278761254926462,,,,9.85158303038617
636,,3.872999906539917,9.21585691883487,,,,11.56511857903039
637,,5.96999979019165,8.668702076885397,,,,11.571844861335162
638,,6.894000053405763,11.100641943914262,,,,11.453373082688966
639,,6.894000053405763,12.160414957638,,,,12.676508441058878
640,,6.894000053405763,11.396993100201259,,,,11.601300635751393
641,,6.894000053405763,10.827772249679487,,,,11.32713884268577
642,,6.894000053405763,10.29694594486453,,,,12.952409041257864
643,,6.894000053405763,9.086311182159033,,,,9.764564384634035
644,,6.894000053405763,7.5188107617875595,,,,10.009486191682873
645,,6.894000053405763,3.889906458736574,,,,6.647400461674495
646,,6.894000053405763,3.683078869942268,,,,5.091555657621272
647,,6.894000053405763,-0.5787610980250744,,,,2.5195157479052646
648,,6.894000053405763,-3.15394959404051,,,,0.31850877730151606
649,,6.894000053405763,-6.204990326436919,,,,-1.241637403364959
650,,6.894000053405763,-5.167119835257241,,,,-2.3498549127649664
651,,6.894000053405763,-4.792948013744613,,,,-2.616274639108898
652,,6.894000053405763,-5.015162696991693,,,,-0.8947055778254427
653,,6.894000053405763,-4.513032301954663,,,,0.7933300977619533
654,,6.894000053405763,-0.2867750515866847,,,,3.518156171221726
655,,6.894000053405763,2.9739906236015097,,,,5.976656103397999
656,,6.894000053405763,4.2824085343924745,,,,6.534644279574984
657,,6.894000053405763,6.697667152226903,,,,7.487500226867835
658,,6.894000053405763,6.9139391019001355,,,,10.28714730943346
659,,6.894000053405763,8.643832134903185,,,,10.072531272569412
660,,6.894000053405763,9.005231651577702,,,,10.552034806563011
661,,6.894000053405763,9.83928046005174,,,,12.321662181234698
662,,9.913999557495115,10.554770319260903,,,,11.085632808106254
663,,10.020999908447266,11.571865913861936,,,,12.362704740074994
664,,10.482999801635742,11.63082746244549,,,,12.299788605914955
665,,8.989999771118164,11.07758087450609,,,,11.626936692340793
666,,10.163000106811523,11.087634771824312,,,,11.204644715642534
667,,10.234000205993652,9.127958672198393,,,,10.52272245248544
668,,10.020999908447266,8.322269262019606,,,,10.317095186663067
669,,8.493000030517576,4.53721902576621,,,,10.1010456043039
670,,5.578999996185303,1.854710340326709,,,,6.307947957454138
671,,5.828000068664551,-1.384670901843542,,,,2.618987621136571
672,,2.486999988555908,-3.5236135432573317,,,,-0.36605755164028775
673,,0.675000011920929,-4.905515216521742,,,,-2.407551993959067
674,,-4.300000190734863,-6.211737661268467,,,,-4.696410336432642
675,,-3.4820001125335693,-5.26658184011662,,,,-1.6705865837645089
676,,-4.1579999923706055,-3.39765824923391,,,,-2.7970237393057866
677,,-14.854000091552734,-2.2095621901159683,,,,1.0766832924394647
678,,-0.4259999990463257,0.28510927251791873,,,,2.957991854562189
679,,3.375999927520752,2.2660283584975094,,,,6.382865923314164
680,,4.3350000381469735,3.402728785314708,,,,6.444855581823214
681,,4.90399980545044,7.120239390687862,,,,6.4169449477413
682,,4.406000137329102,6.698747410007071,,,,9.787620190910513
683,,3.9800000190734863,8.236612780538989,,,,10.789424414266456
684,,4.370999813079834,10.061934614795257,,,,11.321505975990402
685,,6.644999980926514,9.589918214581925,,,,11.657083910683307
686,,8.314999580383299,9.540050699673923,,,,12.009584787446403
687,,7.782000064849853,10.575849819586333,,,,11.809573941032859
688,,7.639999866485598,10.837331412618486,,,,10.445085338977634
689,,6.502999782562256,11.277390406132344,,,,12.705774742734132
690,,7.853000164031982,10.075120733362798,,,,9.979357394301289
691,,7.214000225067139,8.199811976898225,,,,10.928019119052717
692,,7.035999774932861,6.738970893977507,,,,9.463221147935396
693,,4.974999904632568,4.610005464408433,,,,6.7737073986842145
694,,4.0869998931884775,2.4378784898372485,,,,3.96956560165202
695,,2.203000068664551,-2.376920567500717,,,,1.71474722130004
696,,1.065999984741211,-1.7739867269138312,,,,0.8916644766559214
697,,1.315000057220459,-2.11497516098804,,,,-1.9891349979704218
698,,-1.2079999446868896,-6.771990135383877,,,,-2.456553723703424
699,,0.7459999918937683,-5.41506136411544,,,,-2.48482792505438
700,,-1.065999984741211,-3.9482436662105957,,,,-2.4027855703188017
701,,-2.309999942779541,-1.9402010310466222,,,,1.0174079296286642
702,,2.8429999351501465,-0.38004958724845395,,,,2.2358400219386376
703,,3.838000059127808,2.6278071495997155,,,,6.105352666669602
704,,3.838000059127808,4.728530614499459,,,,6.611970868312851
705,,4.619999885559082,5.286795968572917,,,,8.904039063228229
706,,4.690999984741211,6.690362912272997,,,,8.297016427206664
707,,4.014999866485597,8.632946333831597,,,,10.67615326762527
708,,4.192999839782715,8.55653388527981,,,,12.795827583907787
709,,5.329999923706055,10.809082211143076,,,,11.759980766864402
710,,7.888999938964844,10.829438030860597,,,,12.067370026096377
711,,6.894000053405763,11.48962290223053,,,,12.768109958733458
712,,5.791999816894531,12.305676734497478,,,,11.102767591227126
713,,6.076000213623048,10.983258975637238,,,,11.605785481846034
714,,6.965000152587893,11.72937105082429,,,,10.88853905243404
715,,5.86299991607666,7.889917795925697,,,,9.49192692608525
716,,5.791999816894531,6.429916100273719,,,,9.602786242627715
717,,4.796999931335449,4.2078709942701975,,,,7.971313443354391
718,,2.0610001087188716,2.612378936930584,,,,4.618331862102791
719,,0.675000011920929,-0.3439787141844839,,,,2.976834030499125
720,,1.4570000171661377,-3.2923192999468576,,,,-0.6719119500920367
