split,control,dataset,horizon,ordered_mse,control_mse,mse_gain,ordered_mae,control_mae,mae_gain
validation,GLOBAL_COMPRESSED,ETTh1,96,1.3114316867930549,1.406466971550669,0.06757022146978331,0.8296151168289638,0.8571008358682904,0.03206824435246533
validation,GLOBAL_COMPRESSED,ETTh1,192,1.572896381219228,1.518805286714009,-0.03561423901956989,0.9063060006925038,0.8938439843200502,-0.013942048714388878
validation,GLOBAL_COMPRESSED,ETTh1,336,1.7594608125232516,1.6476263707997847,-0.06787609357647065,0.9577513738554351,0.9373936101692875,-0.02171741247785029
validation,GLOBAL_COMPRESSED,ETTh1,720,1.8545549105084131,1.8374153984917534,-0.009328055066224415,0.9793074085598901,0.9971454453846765,0.01788910224416153
validation,GLOBAL_COMPRESSED,ETTh2,96,0.28015661310581935,0.3964946073080812,0.29341633418954877,0.3856023695497286,0.46509454470305217,0.17091616330197285
validation,GLOBAL_COMPRESSED,ETTh2,192,0.34419348356979235,0.45515618473291397,0.24379038423532493,0.42220241469996317,0.49614490958906354,0.14903406940190903
validation,GLOBAL_COMPRESSED,ETTh2,336,0.44721428309979083,0.5382621521446981,0.16915153458612736,0.47662091092998476,0.5383703274791743,0.1146969165970207
validation,GLOBAL_COMPRESSED,ETTh2,720,0.7195389225369409,0.7333623730947101,0.018849413420865546,0.6051887746841188,0.6225930618861365,0.027954515184110254
validation,GLOBAL_COMPRESSED,ETTm1,96,0.49951186243976864,0.963436080231553,0.48153087403606937,0.4941526793298267,0.6988802119379952,0.29293651345551613
validation,GLOBAL_COMPRESSED,ETTm1,192,0.6086349338293076,1.0487490253789085,0.4196562579789665,0.541037841921761,0.7279871993121647,0.2568030833056432
validation,GLOBAL_COMPRESSED,ETTm1,336,0.740257427805946,1.1561391763135689,0.35971599010569916,0.5916597612050115,0.7624431045687928,0.2239948690471396
validation,GLOBAL_COMPRESSED,ETTm1,720,0.993336030036684,1.364812307509165,0.27218121893290914,0.6776518840638418,0.8267660110715835,0.1803583178443351
validation,GLOBAL_COMPRESSED,ETTm2,96,0.14902098778457867,0.2156540582932177,0.30898129641520705,0.2817703088124593,0.33513119461990537,0.15922387012634326
validation,GLOBAL_COMPRESSED,ETTm2,192,0.18103994925816855,0.23703752883843013,0.23623929870797267,0.3071589184304078,0.3485702240750903,0.11880333655740344
validation,GLOBAL_COMPRESSED,ETTm2,336,0.2225045203959861,0.26251471346738386,0.1524112402803237,0.3353028974565519,0.363168047398937,0.07672797797592436
validation,GLOBAL_COMPRESSED,ETTm2,720,0.29302416377597384,0.3176027390691969,0.07738779383721893,0.37926674040537034,0.39328751564025877,0.03565019146886236
validation,GLOBAL_COMPRESSED,Weather,96,0.4264797481989104,0.6699542336993747,0.3634195789106953,0.30969224491762737,0.49983598575705573,0.3804122677390566
validation,GLOBAL_COMPRESSED,Weather,192,0.48167480161738774,0.7064539525243971,0.3181794795029429,0.34706699375122313,0.5181446643102736,0.3301735641469548
validation,GLOBAL_COMPRESSED,Weather,336,0.542418879175943,0.7399447464348238,0.26694677975699277,0.3872755387472728,0.5337399114556864,0.27441150561320504
validation,GLOBAL_COMPRESSED,Weather,720,0.6142449807868433,0.7606316092153075,0.19245404300181715,0.42926642453228986,0.5379922473241412,0.20209551965224481
validation,POOLED_MEMORY,ETTh1,96,1.3114316867930549,1.467815719899677,0.10654200727412212,0.8296151168289638,0.8932780332508541,0.07126887044362387
validation,POOLED_MEMORY,ETTh1,192,1.572896381219228,1.5767872610262461,0.0024675997220358773,0.9063060006925038,0.9261128866956347,0.02138711844708458
validation,POOLED_MEMORY,ETTh1,336,1.7594608125232516,1.7039732754635972,-0.032563619311786425,0.9577513738554351,0.9647738073958831,0.007278839336862822
validation,POOLED_MEMORY,ETTh1,720,1.8545549105084131,1.8767519542149136,0.011827372102450242,0.9793074085598901,1.0098216927240766,0.030217497191877288
validation,POOLED_MEMORY,ETTh2,96,0.28015661310581935,0.416741127236968,0.3277442642551661,0.3856023695497286,0.47572205393087297,0.18943768453971999
validation,POOLED_MEMORY,ETTh2,192,0.34419348356979235,0.4730210802739575,0.27235064583073687,0.42220241469996317,0.5046935106317202,0.1634479029233082
validation,POOLED_MEMORY,ETTh2,336,0.44721428309979083,0.5454967399032749,0.18017056677719293,0.47662091092998476,0.5417216225546233,0.12017373668350159
validation,POOLED_MEMORY,ETTh2,720,0.7195389225369409,0.7342146722097246,0.019988363387801765,0.6051887746841188,0.6268817080391778,0.03460450843734497
validation,POOLED_MEMORY,ETTm1,96,0.49951186243976864,0.882045101196993,0.4336889783051929,0.4941526793298267,0.6698716900178364,0.2623174158671057
validation,POOLED_MEMORY,ETTm1,192,0.6086349338293076,0.9765672009615671,0.37676082789794574,0.541037841921761,0.7024529093787784,0.22978774135872895
validation,POOLED_MEMORY,ETTm1,336,0.740257427805946,1.0952601988299364,0.3241264234774887,0.5916597612050115,0.7402361680050286,0.2007148707694701
validation,POOLED_MEMORY,ETTm1,720,0.993336030036684,1.3249282776363311,0.25027184731177066,0.6776518840638418,0.8105649100409613,0.16397579556016414
validation,POOLED_MEMORY,ETTm2,96,0.14902098778457867,0.23912622637691952,0.3768103564278795,0.2817703088124593,0.34811804479076747,0.1905897639353506
validation,POOLED_MEMORY,ETTm2,192,0.18103994925816855,0.256398193094702,0.29391097857191023,0.3071589184304078,0.3587398621298018,0.14378369717032058
validation,POOLED_MEMORY,ETTm2,336,0.2225045203959861,0.2784622660299548,0.20095270512504265,0.3353028974565519,0.37154561889414883,0.0975458183182676
validation,POOLED_MEMORY,ETTm2,720,0.29302416377597384,0.32912671830919055,0.10969195912955625,0.37926674040537034,0.39885192939213343,0.04910390935456102
validation,POOLED_MEMORY,Weather,96,0.4264797481989104,0.6326619553424063,0.3258963264701241,0.30969224491762737,0.47400283103897456,0.3466447357733964
validation,POOLED_MEMORY,Weather,192,0.48167480161738774,0.6690372193143481,0.28004782437810516,0.34706699375122313,0.49439969564241076,0.2980032212595664
validation,POOLED_MEMORY,Weather,336,0.542418879175943,0.7108234905061268,0.2369148087808337,0.3872755387472728,0.5160730333825628,0.2495722238984206
validation,POOLED_MEMORY,Weather,720,0.6142449807868433,0.7478992679131725,0.17870626815728588,0.42926642453228986,0.531057916368757,0.19167681847677226
validation,ORDER_SHUFFLED,ETTh1,96,1.3114316867930549,1.6297953739052726,0.19533966791755156,0.8296151168289638,0.9703275014956793,0.14501535249677966
validation,ORDER_SHUFFLED,ETTh1,192,1.572896381219228,1.8633630403450556,0.1558830205583767,0.9063060006925038,1.036416002682277,0.1255383954445363
validation,ORDER_SHUFFLED,ETTh1,336,1.7594608125232516,2.0929064069475447,0.159321789697522,0.9577513738554351,1.0958470114234353,0.1260172598259157
validation,ORDER_SHUFFLED,ETTh1,720,1.8545549105084131,2.1802299015105717,0.14937644455592264,0.9793074085598901,1.103560758015466,0.11259312054464572
validation,ORDER_SHUFFLED,ETTh2,96,0.28015661310581935,0.43314402106971966,0.35320216953722,0.3856023695497286,0.4804735801049641,0.19745354267868376
validation,ORDER_SHUFFLED,ETTh2,192,0.34419348356979235,0.4885214824406874,0.29543838717147564,0.42220241469996317,0.5097850436965624,0.17180305715035993
validation,ORDER_SHUFFLED,ETTh2,336,0.44721428309979083,0.5688974182216489,0.2138929290666053,0.47662091092998476,0.5510629447949987,0.1350880776291485
validation,ORDER_SHUFFLED,ETTh2,720,0.7195389225369409,0.7605151978750078,0.053879627195565195,0.6051887746841188,0.6371720806000725,0.05019571147221736
validation,ORDER_SHUFFLED,ETTm1,96,0.49951186243976864,0.8616081497498921,0.42025633974705656,0.4941526793298267,0.6620185843535832,0.25356675626812847
validation,ORDER_SHUFFLED,ETTm1,192,0.6086349338293076,0.9474165922119504,0.3575846793981972,0.541037841921761,0.6925139448472432,0.21873365013450416
validation,ORDER_SHUFFLED,ETTm1,336,0.740257427805946,1.0618424606161052,0.3028556916282744,0.5916597612050115,0.7300696863609106,0.18958453931406768
validation,ORDER_SHUFFLED,ETTm1,720,0.993336030036684,1.2913426754966615,0.23077270744216793,0.6776518840638418,0.8025932016826811,0.15567203579209607
validation,ORDER_SHUFFLED,ETTm2,96,0.14902098778457867,0.23824125200155236,0.3744954472300722,0.2817703088124593,0.34747596297945293,0.18909409906687263
validation,ORDER_SHUFFLED,ETTm2,192,0.18103994925816855,0.2556008921847457,0.291708461145297,0.3071589184304078,0.35814302875882104,0.1423568413577769
validation,ORDER_SHUFFLED,ETTm2,336,0.2225045203959861,0.27802321710148636,0.1996908649727421,0.3353028974565519,0.37115275677369564,0.09659057803793333
validation,ORDER_SHUFFLED,ETTm2,720,0.29302416377597384,0.33013414768945604,0.11240880161354913,0.37926674040537034,0.39916821434384303,0.049857361441433774
validation,ORDER_SHUFFLED,Weather,96,0.4264797481989104,0.6417406948785933,0.3354329067761656,0.30969224491762737,0.4812776966700478,0.3565206801387583
validation,ORDER_SHUFFLED,Weather,192,0.48167480161738774,0.6773998302126688,0.28893575089003704,0.34706699375122313,0.5000495456513905,0.3059347883235937
validation,ORDER_SHUFFLED,Weather,336,0.542418879175943,0.7155631777921231,0.2419692683885977,0.3872755387472728,0.5188521263010107,0.25359168997103454
validation,ORDER_SHUFFLED,Weather,720,0.6142449807868433,0.7478704992425504,0.17867467508217558,0.42926642453228986,0.5303219013113193,0.19055497525022258
validation,TARGET_SHUFFLED_QUERY,ETTh1,96,1.3114316867930549,1.303277613151641,-0.006256589969112816,0.8296151168289638,0.8386774822359994,0.010805542772979126
validation,TARGET_SHUFFLED_QUERY,ETTh1,192,1.572896381219228,1.5361281761101313,-0.023935636153880863,0.9063060006925038,0.9051676250639415,-0.0012576406811741765
validation,TARGET_SHUFFLED_QUERY,ETTh1,336,1.7594608125232516,1.734936524410637,-0.014135553530378073,0.9577513738554351,0.961806286759928,0.004215935121564681
validation,TARGET_SHUFFLED_QUERY,ETTh1,720,1.8545549105084131,1.932773042103601,0.04046938253549746,0.9793074085598901,1.0165341263725645,0.036621217966892564
validation,TARGET_SHUFFLED_QUERY,ETTh2,96,0.28015661310581935,0.3188588282182103,0.1213772732235759,0.3856023695497286,0.406617599938597,0.051683031900345365
validation,TARGET_SHUFFLED_QUERY,ETTh2,192,0.34419348356979235,0.38021812747631756,0.09474730767214422,0.42220241469996317,0.4405328056641987,0.04160959349349367
validation,TARGET_SHUFFLED_QUERY,ETTh2,336,0.44721428309979083,0.4703470470548487,0.04918233057889333,0.47662091092998476,0.4884101675481212,0.024138024556941487
validation,TARGET_SHUFFLED_QUERY,ETTh2,720,0.7195389225369409,0.6861427019512842,-0.04867241244522881,0.6051887746841188,0.5922747638490465,-0.02180408760141546
validation,TARGET_SHUFFLED_QUERY,ETTm1,96,0.49951186243976864,0.8658181797890436,0.4230753360232346,0.4941526793298267,0.6551018222456887,0.24568568953773998
validation,TARGET_SHUFFLED_QUERY,ETTm1,192,0.6086349338293076,0.9487819582933471,0.3585091616580592,0.541037841921761,0.6877473486321313,0.21331889828752165
validation,TARGET_SHUFFLED_QUERY,ETTm1,336,0.740257427805946,1.0579176618128407,0.30026933614337653,0.5916597612050115,0.7259101514913597,0.1849407809086772
validation,TARGET_SHUFFLED_QUERY,ETTm1,720,0.993336030036684,1.2967464284291343,0.23397820247710158,0.6776518840638418,0.7995903408716596,0.15250116287659088
validation,TARGET_SHUFFLED_QUERY,ETTm2,96,0.14902098778457867,0.1758816596120596,0.15272014084201407,0.2817703088124593,0.3038349227891082,0.07262040115106824
validation,TARGET_SHUFFLED_QUERY,ETTm2,192,0.18103994925816855,0.20123654781352907,0.10036247776460169,0.3071589184304078,0.32279611840134576,0.04844296160803134
validation,TARGET_SHUFFLED_QUERY,ETTm2,336,0.2225045203959861,0.23318758211573776,0.04581316733431095,0.3353028974565519,0.34424973750601007,0.02598938815255298
validation,TARGET_SHUFFLED_QUERY,ETTm2,720,0.29302416377597384,0.29120365267708187,-0.006251676729174666,0.37926674040537034,0.3789703963294862,-0.0007819715702186073
validation,TARGET_SHUFFLED_QUERY,Weather,96,0.4264797481989104,0.6126473510549182,0.3038740027773655,0.30969224491762737,0.46768330108551753,0.3378163295571696
validation,TARGET_SHUFFLED_QUERY,Weather,192,0.48167480161738774,0.6414716835059817,0.2491097986043898,0.34706699375122313,0.48089806238810223,0.27829404837333815
validation,TARGET_SHUFFLED_QUERY,Weather,336,0.542418879175943,0.681909490334474,0.20455883535234476,0.3872755387472728,0.5007571400968936,0.22662003646650516
validation,TARGET_SHUFFLED_QUERY,Weather,720,0.6142449807868433,0.7324152446928478,0.16134326089233905,0.42926642453228986,0.522715482762251,0.17877614364154004
validation,GENERIC_MATCHED,ETTh1,96,1.3114316867930549,1.354286410269283,0.031643766895443536,0.8296151168289638,0.838619990008218,0.010737727798696873
validation,GENERIC_MATCHED,ETTh1,192,1.572896381219228,1.5817837473892031,0.005618572187660954,0.9063060006925038,0.9024672153450194,-0.004253656290457922
validation,GENERIC_MATCHED,ETTh1,336,1.7594608125232516,1.7918089814737541,0.01805335796670486,0.9577513738554351,0.9621538280629788,0.0045756240625335195
validation,GENERIC_MATCHED,ETTh1,720,1.8545549105084131,1.9543008335052974,0.05103918561912329,0.9793074085598901,1.001149500740899,0.021817013507817524
validation,GENERIC_MATCHED,ETTh2,96,0.28015661310581935,0.3154909495441687,0.11199794000240416,0.3856023695497286,0.4048969710157031,0.047653113871346305
validation,GENERIC_MATCHED,ETTh2,192,0.34419348356979235,0.3778088559352216,0.088974548471656,0.42220241469996317,0.4387766449224381,0.037773729331935506
validation,GENERIC_MATCHED,ETTh2,336,0.44721428309979083,0.4654124085189534,0.03910107484472333,0.47662091092998476,0.48433208222291907,0.01592124820132224
validation,GENERIC_MATCHED,ETTh2,720,0.7195389225369409,0.6933412578370836,-0.037784661454566194,0.6051887746841188,0.5937083796849326,-0.01933675755979487
validation,GENERIC_MATCHED,ETTm1,96,0.49951186243976864,0.5062961755763917,0.013399890151055362,0.4941526793298267,0.5017899210963931,0.015219998340897883
validation,GENERIC_MATCHED,ETTm1,192,0.6086349338293076,0.6099936128372238,0.0022273659581395636,0.541037841921761,0.5476753424320903,0.012119407240161306
validation,GENERIC_MATCHED,ETTm1,336,0.740257427805946,0.7415019571781158,0.00167838986818878,0.5916597612050115,0.5978075809219257,0.010283944053424525
validation,GENERIC_MATCHED,ETTm1,720,0.993336030036684,1.0017548110749988,0.008404033547171489,0.6776518840638418,0.685096501925635,0.01086652441060233
validation,GENERIC_MATCHED,ETTm2,96,0.14902098778457867,0.1616230093474899,0.07797170473306098,0.2817703088124593,0.2933838257477397,0.03958472116068884
validation,GENERIC_MATCHED,ETTm2,192,0.18103994925816855,0.1934251451776141,0.06403095061954206,0.3071589184304078,0.3173055251439412,0.03197740319501381
validation,GENERIC_MATCHED,ETTm2,336,0.2225045203959861,0.23346501365810834,0.046947048255260464,0.3353028974565519,0.34407980486649237,0.025508348022186395
validation,GENERIC_MATCHED,ETTm2,720,0.29302416377597384,0.29966391665594916,0.022157331967327124,0.37926674040537034,0.38393078645070394,0.012148142868278313
validation,GENERIC_MATCHED,Weather,96,0.4264797481989104,0.41838346445371233,-0.019351347347748207,0.30969224491762737,0.31013295243656824,0.0014210277091758355
validation,GENERIC_MATCHED,Weather,192,0.48167480161738774,0.4762569484966142,-0.011375903570280501,0.34706699375122313,0.3437228011233466,-0.009729330195573708
validation,GENERIC_MATCHED,Weather,336,0.542418879175943,0.5388110551704355,-0.006695898257630037,0.3872755387472728,0.3858594824127059,-0.0036698756907891502
validation,GENERIC_MATCHED,Weather,720,0.6142449807868433,0.6143490042005266,0.00016932299551569664,0.42926642453228986,0.4311201327692264,0.004299748715119282
test,GLOBAL_COMPRESSED,ETTh1,96,0.681748669127685,0.7091974230389059,0.03870396735735899,0.578674225664184,0.5889947068966811,0.017522196908821192
test,GLOBAL_COMPRESSED,ETTh1,192,0.6871958151313575,0.7101537891878089,0.03232817230012677,0.5872037076022268,0.5967302002752025,0.015964488924110436
test,GLOBAL_COMPRESSED,ETTh1,336,0.6891284873181923,0.7148245645346121,0.03594738973911625,0.5952226814435952,0.6078683422963693,0.02080328908888731
test,GLOBAL_COMPRESSED,ETTh1,720,0.7430249753476125,0.781288796796247,0.04897525934780984,0.6264256829879847,0.648848668476976,0.03455811282101276
test,GLOBAL_COMPRESSED,ETTh2,96,0.2731311676671975,0.3196668997891286,0.14557569818028962,0.3454105437677966,0.39108912830945824,0.11679840024987194
test,GLOBAL_COMPRESSED,ETTh2,192,0.3110962139131404,0.34512087940547176,0.09858767615261212,0.37167907158875224,0.4076905153565844,0.08833034473793176
test,GLOBAL_COMPRESSED,ETTh2,336,0.34357748217837686,0.36925752705558956,0.06954508167235471,0.3975008584371167,0.42420854110267936,0.06295885178582035
test,GLOBAL_COMPRESSED,ETTh2,720,0.4245796452036674,0.44619321041017934,0.048439924011041906,0.45257093854443403,0.47424908861016946,0.045710472800833915
test,GLOBAL_COMPRESSED,ETTm1,96,0.37560666709615775,0.6411808679963056,0.4141954542874446,0.41325169512834964,0.5355133237166063,0.22830735142074174
test,GLOBAL_COMPRESSED,ETTm1,192,0.40120616642339546,0.6501886500273991,0.3829388341268514,0.42769790024218174,0.5407298307369084,0.20903586979968602
test,GLOBAL_COMPRESSED,ETTm1,336,0.433108948558138,0.6615849557469168,0.3453464369225775,0.4449637563798529,0.5475418519114741,0.18734293127277854
test,GLOBAL_COMPRESSED,ETTm1,720,0.4850220241689557,0.6771440663289503,0.2837240281843709,0.47063873941001383,0.558003171351425,0.15656619249998827
test,GLOBAL_COMPRESSED,ETTm2,96,0.21199570547951488,0.27969788825343594,0.24205467977139572,0.30445911074926496,0.35403429079698867,0.14002931731873183
test,GLOBAL_COMPRESSED,ETTm2,192,0.2668439181952852,0.3144058417062182,0.15127557189403315,0.33530937895062446,0.3716082634302038,0.09768050942816851
test,GLOBAL_COMPRESSED,ETTm2,336,0.3129508118159489,0.3504205664151561,0.10692795512126252,0.3625489164344175,0.39120849903182325,0.0732591001175422
test,GLOBAL_COMPRESSED,ETTm2,720,0.37911393306592694,0.414902515637216,0.08625781050356895,0.40478699186216716,0.42996182373380903,0.05855131893576605
test,GLOBAL_COMPRESSED,Weather,96,0.16624667468536675,0.2533630398656057,0.34384006927943833,0.2220187590979537,0.3130117301754703,0.2907014731572747
test,GLOBAL_COMPRESSED,Weather,192,0.2052028142835168,0.28087930516228893,0.26942707948898936,0.2576362152217998,0.331558551454746,0.22295409335275662
test,GLOBAL_COMPRESSED,Weather,336,0.25224829611309263,0.31379780428210646,0.19614384590683875,0.29273695611869394,0.35200502465649947,0.16837279125672047
test,GLOBAL_COMPRESSED,Weather,720,0.3198612862076024,0.3626374913529089,0.11795858444122609,0.33799175371426077,0.3809850022797929,0.11284761423222153
test,POOLED_MEMORY,ETTh1,96,0.681748669127685,0.7247294943160508,0.05930602455876063,0.578674225664184,0.6108779531481278,0.052717121837485705
test,POOLED_MEMORY,ETTh1,192,0.6871958151313575,0.7249346656368092,0.05205827820676844,0.5872037076022268,0.615729098516391,0.04632782660896903
test,POOLED_MEMORY,ETTh1,336,0.6891284873181923,0.7295028784800823,0.05534507450609375,0.5952226814435952,0.6238582467594678,0.045900756244892815
test,POOLED_MEMORY,ETTh1,720,0.7430249753476125,0.7910171161679995,0.06067143155242962,0.6264256829879847,0.6582001199343532,0.048274735880536726
test,POOLED_MEMORY,ETTh2,96,0.2731311676671975,0.32871437497253614,0.16909271859492775,0.3454105437677966,0.39688445756766433,0.129694959876558
test,POOLED_MEMORY,ETTh2,192,0.3110962139131404,0.3638002131221204,0.14487072109352594,0.37167907158875224,0.41937569951331277,0.11373245512296651
test,POOLED_MEMORY,ETTh2,336,0.34357748217837686,0.3938701098275517,0.12768835815237287,0.3975008584371167,0.44082594108030954,0.09828160869348634
test,POOLED_MEMORY,ETTh2,720,0.4245796452036674,0.4807235218236753,0.11679036716784766,0.45257093854443403,0.49570756342323075,0.08702030806410561
test,POOLED_MEMORY,ETTm1,96,0.37560666709615775,0.6274458009571336,0.40137193280568506,0.41325169512834964,0.5296541892406008,0.21977074188565354
test,POOLED_MEMORY,ETTm1,192,0.40120616642339546,0.6393947323819782,0.37252193972766023,0.42769790024218174,0.5365001493921834,0.20280003514121453
test,POOLED_MEMORY,ETTm1,336,0.433108948558138,0.6530485723565935,0.33678907375110034,0.4449637563798529,0.5443027362227993,0.18250685369012
test,POOLED_MEMORY,ETTm1,720,0.4850220241689557,0.6725868766651547,0.2788708180364596,0.47063873941001383,0.556666684827519,0.15454121427108686
test,POOLED_MEMORY,ETTm2,96,0.21199570547951488,0.3066773948060787,0.3087338386529398,0.30445911074926496,0.36586782658682615,0.16784399002897277
test,POOLED_MEMORY,ETTm2,192,0.2668439181952852,0.33135245991351475,0.19468254961821238,0.33530937895062446,0.37950356784112366,0.11645263084588645
test,POOLED_MEMORY,ETTm2,336,0.3129508118159489,0.3600672417243234,0.13085453062249977,0.3625489164344175,0.39633202574373627,0.08523941320644762
test,POOLED_MEMORY,ETTm2,720,0.37911393306592694,0.4149530936962768,0.08636918527611265,0.40478699186216716,0.43089720453895,0.06059499203463188
test,POOLED_MEMORY,Weather,96,0.16624667468536675,0.21596544232635306,0.23021631194982814,0.2220187590979537,0.2838908582755266,0.21794326014374069
test,POOLED_MEMORY,Weather,192,0.2052028142835168,0.24805413743971977,0.17274988274128814,0.2576362152217998,0.3086013047604904,0.1651486521686786
test,POOLED_MEMORY,Weather,336,0.25224829611309263,0.2889993818556599,0.12716665865023372,0.29273695611869394,0.3353956296341968,0.1271891156185578
test,POOLED_MEMORY,Weather,720,0.3198612862076024,0.3476755277014409,0.08000057317155605,0.33799175371426077,0.37152026308519454,0.09024678517533574
test,ORDER_SHUFFLED,ETTh1,96,0.681748669127685,0.7040568180873966,0.03168515436057107,0.578674225664184,0.5967029587420419,0.03021391600917439
test,ORDER_SHUFFLED,ETTh1,192,0.6871958151313575,0.7049926804801675,0.025244042727774998,0.5872037076022268,0.6026260117872335,0.02559183288366211
test,ORDER_SHUFFLED,ETTh1,336,0.6891284873181923,0.7081118661803357,0.02680844619162036,0.5952226814435952,0.6099855347398275,0.024201972760762216
test,ORDER_SHUFFLED,ETTh1,720,0.7430249753476125,0.7522010481611592,0.012198963077728569,0.6264256829879847,0.6323987501613222,0.009445096423441303
test,ORDER_SHUFFLED,ETTh2,96,0.2731311676671975,0.33014772546756044,0.17270013815668472,0.3454105437677966,0.39871537654134714,0.13369143983345413
test,ORDER_SHUFFLED,ETTh2,192,0.3110962139131404,0.3563586585763001,0.12701373622852086,0.37167907158875224,0.4155555758595306,0.1055851655462081
test,ORDER_SHUFFLED,ETTh2,336,0.34357748217837686,0.3790087599184036,0.09348406023030895,0.3975008584371167,0.43116411076178596,0.07807526527472945
test,ORDER_SHUFFLED,ETTh2,720,0.4245796452036674,0.46063762847567963,0.07827841462134474,0.45257093854443403,0.48320201021613646,0.0633918548020964
test,ORDER_SHUFFLED,ETTm1,96,0.37560666709615775,0.6294294768477016,0.40325853663977584,0.41325169512834964,0.5246082649770986,0.21226613700722027
test,ORDER_SHUFFLED,ETTm1,192,0.40120616642339546,0.6391301325142301,0.3722621638176906,0.42769790024218174,0.530605955035312,0.1939444022754734
test,ORDER_SHUFFLED,ETTm1,336,0.433108948558138,0.6493554573711648,0.33301715779593827,0.4449637563798529,0.5391959634815059,0.17476430367395562
test,ORDER_SHUFFLED,ETTm1,720,0.4850220241689557,0.6666690610880909,0.2724695767682147,0.47063873941001383,0.5535722129539536,0.14981509476675675
test,ORDER_SHUFFLED,ETTm2,96,0.21199570547951488,0.30761355586350064,0.31083757058617695,0.30445911074926496,0.3664293507945949,0.1691192037727018
test,ORDER_SHUFFLED,ETTm2,192,0.2668439181952852,0.3323379703299242,0.19707062683695345,0.33530937895062446,0.3801276820801273,0.11790328682259868
test,ORDER_SHUFFLED,ETTm2,336,0.3129508118159489,0.36110907955884003,0.133362107099952,0.3625489164344175,0.3968345854127588,0.08639788526163818
test,ORDER_SHUFFLED,ETTm2,720,0.37911393306592694,0.4169711838243834,0.09079104798378798,0.40478699186216716,0.431600325349226,0.062125378300776385
test,ORDER_SHUFFLED,Weather,96,0.16624667468536675,0.2277377412394178,0.270008239387104,0.2220187590979537,0.29629065666190096,0.25067242551863306
test,ORDER_SHUFFLED,Weather,192,0.2052028142835168,0.25999602651178316,0.2107463447168609,0.2576362152217998,0.3189027085235046,0.19211656616327918
test,ORDER_SHUFFLED,Weather,336,0.25224829611309263,0.2994701023409141,0.15768454299342569,0.29273695611869394,0.34309682409996467,0.14678033850467204
test,ORDER_SHUFFLED,Weather,720,0.3198612862076024,0.35445785015857106,0.09760416911486504,0.33799175371426077,0.37562045309494513,0.10017745059045813
test,TARGET_SHUFFLED_QUERY,ETTh1,96,0.681748669127685,0.7163401433877833,0.04828917460426702,0.578674225664184,0.6051028214388643,0.04367620648642181
test,TARGET_SHUFFLED_QUERY,ETTh1,192,0.6871958151313575,0.7203283631673677,0.045996450688575566,0.5872037076022268,0.6118897358634248,0.04034391625537563
test,TARGET_SHUFFLED_QUERY,ETTh1,336,0.6891284873181923,0.7221415782216688,0.045715538197888914,0.5952226814435952,0.6191967178508666,0.03871796428521364
test,TARGET_SHUFFLED_QUERY,ETTh1,720,0.7430249753476125,0.7660737302956998,0.030086862447548823,0.6264256829879847,0.6438965739934728,0.027133070295952758
test,TARGET_SHUFFLED_QUERY,ETTh2,96,0.2731311676671975,0.30688793312833157,0.10999704392749111,0.3454105437677966,0.3732002414062753,0.07446323596620102
test,TARGET_SHUFFLED_QUERY,ETTh2,192,0.3110962139131404,0.34559090181980606,0.09981364591782994,0.37167907158875224,0.39786898210604993,0.06582546439952663
test,TARGET_SHUFFLED_QUERY,ETTh2,336,0.34357748217837686,0.37001340398640836,0.07144584905092403,0.3975008584371167,0.418207583454013,0.04951303093520602
test,TARGET_SHUFFLED_QUERY,ETTh2,720,0.4245796452036674,0.4443963194366617,0.044592345539933465,0.45257093854443403,0.4668182143732974,0.03051996556730399
test,TARGET_SHUFFLED_QUERY,ETTm1,96,0.37560666709615775,0.6815292101451572,0.448876641668582,0.41325169512834964,0.5404593022550025,0.23536944705344912
test,TARGET_SHUFFLED_QUERY,ETTm1,192,0.40120616642339546,0.687824797150679,0.4167029626070535,0.42769790024218174,0.5459494724820522,0.21659801538457918
test,TARGET_SHUFFLED_QUERY,ETTm1,336,0.433108948558138,0.696044063316024,0.37775642177772,0.4449637563798529,0.552588426268852,0.19476461100659426
test,TARGET_SHUFFLED_QUERY,ETTm1,720,0.4850220241689557,0.7059607631405689,0.31296178273242153,0.47063873941001383,0.5618114755341819,0.16228350629092994
test,TARGET_SHUFFLED_QUERY,ETTm2,96,0.21199570547951488,0.24219268111918238,0.124681619197269,0.30445911074926496,0.32595332386429343,0.06594261061739415
test,TARGET_SHUFFLED_QUERY,ETTm2,192,0.2668439181952852,0.28209318397750666,0.054057547818799484,0.33530937895062446,0.3484958137604942,0.037838144072893244
test,TARGET_SHUFFLED_QUERY,ETTm2,336,0.3129508118159489,0.32165839664434887,0.027070907892473732,0.3625489164344175,0.37188089491165527,0.025093998118550002
test,TARGET_SHUFFLED_QUERY,ETTm2,720,0.37911393306592694,0.38478943089325357,0.014749619848319313,0.40478699186216716,0.4099879905638827,0.012685734268855694
test,TARGET_SHUFFLED_QUERY,Weather,96,0.16624667468536675,0.20873478526376643,0.20355069484326652,0.2220187590979537,0.28028382966124776,0.20787881567664274
test,TARGET_SHUFFLED_QUERY,Weather,192,0.2052028142835168,0.23822468248404985,0.13861648531211285,0.2576362152217998,0.30218521666697135,0.14742283536082962
test,TARGET_SHUFFLED_QUERY,Weather,336,0.25224829611309263,0.2764612827668963,0.08758183573292366,0.29273695611869394,0.3266664373764611,0.10386583185668913
test,TARGET_SHUFFLED_QUERY,Weather,720,0.3198612862076024,0.3354393293038541,0.04644071739763262,0.33799175371426077,0.36037887815774045,0.06212107812178901
test,GENERIC_MATCHED,ETTh1,96,0.681748669127685,0.6840542290409892,0.0033704344121029133,0.578674225664184,0.5789446082306093,0.0004670266595135269
test,GENERIC_MATCHED,ETTh1,192,0.6871958151313575,0.6879608755699479,0.0011120696914000358,0.5872037076022268,0.586762015867516,-0.000752761294641469
test,GENERIC_MATCHED,ETTh1,336,0.6891284873181923,0.6927585676319248,0.00524003669292935,0.5952226814435952,0.5963882996133265,0.0019544618338203524
test,GENERIC_MATCHED,ETTh1,720,0.7430249753476125,0.7495476528883434,0.008702151912017973,0.6264256829879847,0.62998008411684,0.0056420849142210005
test,GENERIC_MATCHED,ETTh2,96,0.2731311676671975,0.28702041150368773,0.048391136239144275,0.3454105437677966,0.35667531259845703,0.031582698417207865
test,GENERIC_MATCHED,ETTh2,192,0.3110962139131404,0.33233651984366025,0.06391204295125867,0.37167907158875224,0.38552470301886194,0.03591373346945369
test,GENERIC_MATCHED,ETTh2,336,0.34357748217837686,0.366367036789755,0.06220416228236241,0.3975008584371167,0.41230610310264865,0.035908381064749875
test,GENERIC_MATCHED,ETTh2,720,0.4245796452036674,0.4437633381114191,0.04322955787513723,0.45257093854443403,0.4639901319848862,0.02461085409640594
test,GENERIC_MATCHED,ETTm1,96,0.37560666709615775,0.4079982891495059,0.07939156343246002,0.41325169512834964,0.43070713547604395,0.04052739996610802
test,GENERIC_MATCHED,ETTm1,192,0.40120616642339546,0.42563060909825917,0.05738413110516023,0.42769790024218174,0.4423030499233754,0.03302068498899982
test,GENERIC_MATCHED,ETTm1,336,0.433108948558138,0.45361898011936136,0.04521422704981735,0.4449637563798529,0.45810375636225753,0.028683458277547536
test,GENERIC_MATCHED,ETTm1,720,0.4850220241689557,0.49909595791313893,0.02819885338889608,0.47063873941001383,0.4805534628059185,0.020631884198718017
test,GENERIC_MATCHED,ETTm2,96,0.21199570547951488,0.2296832355330397,0.07700836333342446,0.30445911074926496,0.31998162241821404,0.048510634928468646
test,GENERIC_MATCHED,ETTm2,192,0.2668439181952852,0.2729896989180836,0.022512866775396514,0.33530937895062446,0.342697758205628,0.02155946188177365
test,GENERIC_MATCHED,ETTm2,336,0.3129508118159489,0.31393944129474793,0.0031491088686458665,0.3625489164344175,0.3663005399791764,0.010241927421052014
test,GENERIC_MATCHED,ETTm2,720,0.37911393306592694,0.37878947363382,-0.0008565692942687712,0.40478699186216716,0.4072424675210229,0.006029517682187639
test,GENERIC_MATCHED,Weather,96,0.16624667468536675,0.16409736313035408,-0.013097782401934835,0.2220187590979537,0.22142516000423532,-0.0026808114024035943
test,GENERIC_MATCHED,Weather,192,0.2052028142835168,0.2027925794580044,-0.011885221993596262,0.2576362152217998,0.2557196038657154,-0.007494972333411153
test,GENERIC_MATCHED,Weather,336,0.25224829611309263,0.24976279386466854,-0.009951451174792798,0.29273695611869394,0.2916661815277839,-0.003671233275319026
test,GENERIC_MATCHED,Weather,720,0.3198612862076024,0.31711379351937724,-0.008664059225343272,0.33799175371426077,0.33765062060373763,-0.0010103138857354243
