segment,base_mse,shared_control_mse,pooled_multihead_control_mse,target_set_aware_mse,wrong_target_control_mse,target_vs_pooled_multihead_reduction_pct,target_vs_wrong_target_reduction_pct,stabilized_target_set_mse,stabilized_vs_pooled_multihead_reduction_pct,stabilized_vs_wrong_target_reduction_pct,dataset,feature_source
early_0_96,0.41147863141698193,8.067187482231487,7.980820904293486,0.6425113576189304,1.4641190903804575,91.94930740428876,56.116181952659936,6.785093535776027,14.982510982976539,-10.046087861115264,ETTh2,coeff_late
mid_96_192,0.5154046660253341,7.778873340097855,7.680060580728676,1.7466528784969155,14.214918604222204,77.25730337492735,87.71253689783272,5.934454200077804,22.729070458520404,28.19491153617623,ETTh2,coeff_late
late_192_336,0.6638969932489792,5.947048488840612,5.922839620347249,10.442687864792655,41.86280222355171,-76.31218358366442,75.05497169294206,6.291407734827759,-6.222827868145136,21.302332015832334,ETTh2,coeff_late
tail_336_720,1.2996417173250168,3.5667562671897732,3.5356754385901223,17.54082337653737,1.4026636555817689,-396.1095462860672,-1150.5366704794342,4.385079680428821,-24.023818265892785,-36.37570920931384,ETTh2,coeff_late
early_0_96,0.41147863141698193,9.947258372343825,7.9117614460679775,0.6480873264868948,1.5236775959433209,91.80855829760914,57.46558666922848,8.3030656078763,-4.9458538970837544,-8.359104471202814,ETTh2,memory_pool
mid_96_192,0.5154046660253341,9.99567468020082,7.697295872852789,1.7781660397583845,14.13275638690933,76.89882175336783,87.41812289777079,7.731568951664342,-0.4452612888693746,23.827168392279706,ETTh2,memory_pool
late_192_336,0.6638969932489792,7.508384191949005,5.9650271294157,10.460809879560701,41.74930139223738,-75.36902435824098,74.94374868388643,7.630728091054639,-27.924449051116085,18.713029263190524,ETTh2,memory_pool
tail_336_720,1.2996417173250168,4.52815318803588,3.6633500510830475,17.8153056429669,1.412122868963805,-386.31185648502014,-1161.5974172303795,5.277462659944103,-44.06110762971867,-30.695571493798415,ETTh2,memory_pool
early_0_96,0.41147863141698193,10.455891512540328,8.082427172877509,0.6421646287349609,1.4712581611865436,92.05480463975108,56.352688761497404,8.705993178283443,-7.715083502372364,-7.768526549005582,ETTh2,memory_plus_coeff
mid_96_192,0.5154046660253341,10.485779291616035,7.871399688543896,1.7516690773898898,14.585255861101087,77.74640919404354,87.99013816369451,8.133359142458382,-3.327990754881164,23.458027323950137,ETTh2,memory_plus_coeff
late_192_336,0.6638969932489792,7.833113792809794,6.066945061525215,10.73164466712473,42.803798406497975,-76.88712454611913,74.92828892144401,7.943156863025735,-30.925149024323712,18.64125566141148,ETTh2,memory_plus_coeff
tail_336_720,1.2996417173250168,4.678737249484174,3.7122528754288515,18.244346280342903,1.4091486981263937,-391.4629173325176,-1194.706960635213,5.4476521223497,-46.747872657257204,-30.96428963255037,ETTh2,memory_plus_coeff
early_0_96,0.5357079979701087,0.5494074929115553,0.5438715670933743,0.5542073347386144,0.5467380728917157,-1.900405954383279,-1.3661499385607982,0.5565257512022515,-2.3266860918112076,-0.4574083983183981,ETTm1,coeff_late
mid_96_192,0.6448965642119215,0.6543598796104675,0.6487667431436916,0.6507600892428782,0.653893628735607,-0.3072515846801136,0.4792124215658583,0.660883747851838,-1.8676981883244645,0.48579252034005316,ETTm1,coeff_late
late_192_336,0.7766681279197979,0.7814442986120079,0.778228805164411,0.7845907314895807,0.8083979317300407,-0.8174879011097131,2.9449852982071056,0.7862037305853447,-1.0247533075120359,2.127366395393811,ETTm1,coeff_late
tail_336_720,0.8027841695627156,0.7990053649164257,0.8003861079715819,0.8009487372261314,0.8044478964622795,-0.07029473012410088,0.43497649152125806,0.79695085138424,0.42919992652644406,0.4002308205103312,ETTm1,coeff_late
early_0_96,0.5357079979701087,0.5458699122759137,0.5402689665668543,0.5645116775228481,0.5516232496758492,-4.487155927175392,-2.3364547913041354,0.5645116775228481,-4.487155927175392,-2.3364547913041354,ETTm1,memory_pool
mid_96_192,0.6448965642119215,0.6559984063400275,0.6497428393747381,0.6640613665325701,0.66129415509941,-2.2037221944009464,-0.4184539379066597,0.6640613665325701,-2.2037221944009464,-0.4184539379066597,ETTm1,memory_pool
late_192_336,0.7766681279197979,0.781101345789065,0.7780294017986672,0.7884219990776786,0.8323033224540074,-1.335758938542113,5.272275406392316,0.7884219990776785,-1.3357589385420987,5.27227540639233,ETTm1,memory_pool
tail_336_720,0.8027841695627156,0.7985916603204599,0.8009892835365429,0.7962712049827039,0.8059376809950543,0.5890314203715237,1.1994073785476347,0.7962712049827039,0.5890314203715237,1.1994073785476347,ETTm1,memory_pool
early_0_96,0.5357079979701087,0.5473850899910165,0.5414266827024417,0.5493276233103193,0.5431137260342184,-1.4592817199997177,-1.1441245135663147,0.5569425622064508,-2.8657397205775266,-0.8020015811654367,ETTm1,memory_plus_coeff
mid_96_192,0.6448965642119215,0.6570721758487649,0.6499543307694507,0.653379612745109,0.6480933389749454,-0.5270034852453781,-0.8156654994363436,0.6645091030043502,-2.2393530661867747,-0.11197522497158943,ETTm1,memory_plus_coeff
late_192_336,0.7766681279197979,0.7814680518387017,0.7776535585248837,0.7814892373186546,0.8040138658580605,-0.4932374772445866,2.801522398543101,0.7857378747081206,-1.0395781122087182,2.5406763139626856,ETTm1,memory_plus_coeff
tail_336_720,0.8027841695627156,0.7984131228037584,0.8005485448976347,0.7973378952729444,0.804147949781515,0.4010562064166704,0.8468658672102459,0.7947748254480529,0.7212204039818855,0.6519684298268951,ETTm1,memory_plus_coeff
early_0_96,2.0955658767401983,5.706153131944123,3.2795847790095336,3.3327939058474603,16.914243313519325,-1.6224348636596715,80.29593258136707,3.332793905847461,-1.6224348636596986,80.29593258136705,Weather,coeff_late
mid_96_192,4.391323258472618,7.194849147916098,5.077230227518684,16.38768747524059,10.019241900925646,-222.76825633037112,-63.562150083696274,16.387687475240593,-222.7682563303712,-63.56215008369629,Weather,coeff_late
late_192_336,9.36557805644777,11.65288789466419,10.096234831154343,11.19694552372496,18.34188869160881,-10.90218988542255,38.95423905365085,11.19694552372496,-10.90218988542255,38.95423905365085,Weather,coeff_late
tail_336_720,9.569835044957651,9.860299481089534,9.299978907078172,11.219031052568866,9.82858937111357,-20.63501610772592,-14.146909886599131,11.219031052568866,-20.63501610772592,-14.146909886599088,Weather,coeff_late
early_0_96,2.0955658767401983,6.985416949925209,6.596049566782903,6.316354541417095,26.204573484562896,4.240341473089085,75.89598416803824,6.316354541417095,4.240341473089085,75.89598416803824,Weather,memory_pool
mid_96_192,4.391323258472618,8.583802941848237,8.174896332352168,24.691923974119646,19.689844808568957,-202.04571373463548,-25.404360543125264,24.691923974119646,-202.04571373463548,-25.40436054312524,Weather,memory_pool
late_192_336,9.36557805644777,12.015238084058087,11.934199331104367,15.864158281799705,46.61829026342868,-32.930227170352346,65.97009844815162,15.864158281799705,-32.930227170352346,65.97009844815162,Weather,memory_pool
tail_336_720,9.569835044957651,10.584967044744474,10.217761992673312,22.64603342344624,10.777235917893737,-121.63398833995812,-110.12840023151408,22.64603342344624,-121.63398833995812,-110.12840023151408,Weather,memory_pool
early_0_96,2.0955658767401983,7.282603514636823,6.871747758275351,6.553376148362387,30.667215049942165,4.633051461028417,78.63067729596546,6.553376148362387,4.633051461028417,78.63067729596547,Weather,memory_plus_coeff
mid_96_192,4.391323258472618,8.871895283747898,8.412999060219823,29.087109735372014,20.337019106446174,-245.74008064386967,-43.025433487213206,29.087109735372014,-245.74008064386967,-43.025433487213206,Weather,memory_plus_coeff
late_192_336,9.36557805644777,12.318095396987196,12.154966430543832,16.544436276708566,49.17009818724519,-36.11256247598162,66.35264746939183,16.544436276708566,-36.11256247598162,66.35264746939183,Weather,memory_plus_coeff
tail_336_720,9.569835044957651,10.59343292551015,10.199997836982346,23.2323738800368,10.77792745371733,-127.76841967360713,-115.55511465262185,23.232373880036796,-127.7684196736071,-115.55511465262184,Weather,memory_plus_coeff
