comparison,layer,metric,candidate,reference,dataset,horizon,gain_percent,candidate_value,reference_value
effectiveness_vs_iscf,paper_facing_effectiveness,mse,iscf_v1_cpsi,iscf_v0,Weather,96,-0.9052163957347981,0.14377045069416455,0.14248069210844252
effectiveness_vs_iscf,paper_facing_effectiveness,mse,iscf_v1_cpsi,iscf_v0,Weather,192,-1.335849335986694,0.18789460042481773,0.18541769931965432
effectiveness_vs_iscf,paper_facing_effectiveness,mse,iscf_v1_cpsi,iscf_v0,Weather,336,-0.8040058496572966,0.2396569181261752,0.23774543095401202
effectiveness_vs_iscf,paper_facing_effectiveness,mse,iscf_v1_cpsi,iscf_v0,Weather,720,-0.15198498183714992,0.311907767732363,0.31143443416416394
effectiveness_vs_iscf,paper_facing_effectiveness,mse,iscf_v1_cpsi,iscf_v0,ETTm1,96,1.1521813284425808,0.28574231818471324,0.2890729628886925
effectiveness_vs_iscf,paper_facing_effectiveness,mse,iscf_v1_cpsi,iscf_v0,ETTm1,192,0.6892839247216176,0.3240540638008575,0.32630321943829477
effectiveness_vs_iscf,paper_facing_effectiveness,mse,iscf_v1_cpsi,iscf_v0,ETTm1,336,0.14670742899736133,0.36651207288925985,0.3670505633338473
effectiveness_vs_iscf,paper_facing_effectiveness,mse,iscf_v1_cpsi,iscf_v0,ETTm1,720,-0.22478274479980076,0.42536745533819975,0.4244134471424136
effectiveness_vs_iscf,paper_facing_effectiveness,mse,iscf_v1_cpsi,iscf_v0,ETTh1,96,-1.8469916672109399,0.3734890764949303,0.3667158650255675
effectiveness_vs_iscf,paper_facing_effectiveness,mse,iscf_v1_cpsi,iscf_v0,ETTh1,192,-1.5730820406137935,0.3989170061037902,0.3927389009858774
effectiveness_vs_iscf,paper_facing_effectiveness,mse,iscf_v1_cpsi,iscf_v0,ETTh1,336,-1.9686972827643867,0.42238706392517084,0.4142320880631338
effectiveness_vs_iscf,paper_facing_effectiveness,mse,iscf_v1_cpsi,iscf_v0,ETTh1,720,-8.808967235341235,0.5144721038777356,0.4728214199156875
effectiveness_vs_iscf,paper_facing_effectiveness,mse,iscf_v1_cpsi,iscf_v0,ETTh2,96,-8.785932888852477,0.26315564280130543,0.24190227156499527
effectiveness_vs_iscf,paper_facing_effectiveness,mse,iscf_v1_cpsi,iscf_v0,ETTh2,192,-5.252976462662962,0.30136407450045627,0.2863235650227535
effectiveness_vs_iscf,paper_facing_effectiveness,mse,iscf_v1_cpsi,iscf_v0,ETTh2,336,-3.2912944844842196,0.33111190433987603,0.32056128833743447
effectiveness_vs_iscf,paper_facing_effectiveness,mse,iscf_v1_cpsi,iscf_v0,ETTh2,720,-2.8851923147298786,0.4138451654003624,0.4022397743441969
effectiveness_vs_iscf,paper_facing_effectiveness,mse,iscf_v1_cpsi,iscf_v0,ETTm2,96,1.6908625784616493,0.1644422422858899,0.16727055754825756
effectiveness_vs_iscf,paper_facing_effectiveness,mse,iscf_v1_cpsi,iscf_v0,ETTm2,192,-2.708272238831211,0.22740930048725447,0.22141283806084433
effectiveness_vs_iscf,paper_facing_effectiveness,mse,iscf_v1_cpsi,iscf_v0,ETTm2,336,-4.019516853853,0.28296508709827045,0.2720307646648996
effectiveness_vs_iscf,paper_facing_effectiveness,mse,iscf_v1_cpsi,iscf_v0,ETTm2,720,-3.3727856790677135,0.36123925902662807,0.34945295964852435
effectiveness_vs_iscf,paper_facing_effectiveness,mae,iscf_v1_cpsi,iscf_v0,Weather,96,-1.7406908622115136,0.18677728563194754,0.183581695827977
effectiveness_vs_iscf,paper_facing_effectiveness,mae,iscf_v1_cpsi,iscf_v0,Weather,192,-1.5810740087559338,0.23092685334801866,0.22733255737000138
effectiveness_vs_iscf,paper_facing_effectiveness,mae,iscf_v1_cpsi,iscf_v0,Weather,336,-0.873495823648196,0.2722100325758713,0.26985287894826376
effectiveness_vs_iscf,paper_facing_effectiveness,mae,iscf_v1_cpsi,iscf_v0,Weather,720,-0.24704087639797478,0.3213501072402307,0.3205581974598603
effectiveness_vs_iscf,paper_facing_effectiveness,mae,iscf_v1_cpsi,iscf_v0,ETTm1,96,0.4319007379371187,0.3374474964973448,0.3389112567160534
effectiveness_vs_iscf,paper_facing_effectiveness,mae,iscf_v1_cpsi,iscf_v0,ETTm1,192,0.1497847710446254,0.35975412875221513,0.360293793986626
effectiveness_vs_iscf,paper_facing_effectiveness,mae,iscf_v1_cpsi,iscf_v0,ETTm1,336,0.06158248519489984,0.3813271224832792,0.38156209790573137
effectiveness_vs_iscf,paper_facing_effectiveness,mae,iscf_v1_cpsi,iscf_v0,ETTm1,720,-0.02550477984288868,0.41147393832190954,0.41136901955912913
effectiveness_vs_iscf,paper_facing_effectiveness,mae,iscf_v1_cpsi,iscf_v0,ETTh1,96,-2.269791643958663,0.41302861307788385,0.403861791872813
effectiveness_vs_iscf,paper_facing_effectiveness,mae,iscf_v1_cpsi,iscf_v0,ETTh1,192,-2.5658670091198488,0.4298096871494817,0.41905723578709114
effectiveness_vs_iscf,paper_facing_effectiveness,mae,iscf_v1_cpsi,iscf_v0,ETTh1,336,-3.0495520014532262,0.4490424486994578,0.43575390671579567
effectiveness_vs_iscf,paper_facing_effectiveness,mae,iscf_v1_cpsi,iscf_v0,ETTh1,720,-5.385903425968919,0.5077847371264218,0.48183364246920224
effectiveness_vs_iscf,paper_facing_effectiveness,mae,iscf_v1_cpsi,iscf_v0,ETTh2,96,-6.970491239348298,0.33699105327266016,0.31503178995283565
effectiveness_vs_iscf,paper_facing_effectiveness,mae,iscf_v1_cpsi,iscf_v0,ETTh2,192,-4.199166608914062,0.36327960665272385,0.3486396470100423
effectiveness_vs_iscf,paper_facing_effectiveness,mae,iscf_v1_cpsi,iscf_v0,ETTh2,336,-2.7870066264501947,0.38831846228956707,0.3777894454119078
effectiveness_vs_iscf,paper_facing_effectiveness,mae,iscf_v1_cpsi,iscf_v0,ETTh2,720,-2.322433467756224,0.4453929710220627,0.43528379449890103
effectiveness_vs_iscf,paper_facing_effectiveness,mae,iscf_v1_cpsi,iscf_v0,ETTm2,96,1.7468497845301467,0.2500692190212495,0.2545152175506291
effectiveness_vs_iscf,paper_facing_effectiveness,mae,iscf_v1_cpsi,iscf_v0,ETTm2,192,0.05736979362624961,0.2906815018079703,0.2908483609123911
effectiveness_vs_iscf,paper_facing_effectiveness,mae,iscf_v1_cpsi,iscf_v0,ETTm2,336,-0.917186594896191,0.32742393959127564,0.3244481447006915
effectiveness_vs_iscf,paper_facing_effectiveness,mae,iscf_v1_cpsi,iscf_v0,ETTm2,720,-1.485564832422992,0.38142991633551465,0.3758464733042053
context_vs_a6_full,paper_facing_effectiveness_context,mse,iscf_v1_cpsi,a6_full,Weather,96,1.1760483343988049,0.14377045069416455,0.14548138206479796
context_vs_a6_full,paper_facing_effectiveness_context,mse,iscf_v1_cpsi,a6_full,Weather,192,-0.603279615502017,0.18789460042481773,0.18676786794917266
context_vs_a6_full,paper_facing_effectiveness_context,mse,iscf_v1_cpsi,a6_full,Weather,336,-1.0645515425514507,0.2396569181261752,0.23713252022423698
context_vs_a6_full,paper_facing_effectiveness_context,mse,iscf_v1_cpsi,a6_full,Weather,720,-1.0215273520805646,0.311907767732363,0.3087537635867462
context_vs_a6_full,paper_facing_effectiveness_context,mse,iscf_v1_cpsi,a6_full,ETTm1,96,3.1130148635998833,0.28574231818471324,0.2949233251323049
context_vs_a6_full,paper_facing_effectiveness_context,mse,iscf_v1_cpsi,a6_full,ETTm1,192,2.8602403235658436,0.3240540638008575,0.3335957026044323
context_vs_a6_full,paper_facing_effectiveness_context,mse,iscf_v1_cpsi,a6_full,ETTm1,336,1.5092366096390641,0.36651207288925985,0.37212837049157194
context_vs_a6_full,paper_facing_effectiveness_context,mse,iscf_v1_cpsi,a6_full,ETTm1,720,1.1306237395734442,0.42536745533819975,0.4302317577262367
context_vs_a6_full,paper_facing_effectiveness_context,mse,iscf_v1_cpsi,a6_full,ETTh1,96,-1.3930874913577362,0.3734890764949303,0.3683575337685271
context_vs_a6_full,paper_facing_effectiveness_context,mse,iscf_v1_cpsi,a6_full,ETTh1,192,-0.28079453777352104,0.3989170061037902,0.3978000054173156
context_vs_a6_full,paper_facing_effectiveness_context,mse,iscf_v1_cpsi,a6_full,ETTh1,336,-0.8724670346231145,0.42238706392517084,0.41873374999363516
context_vs_a6_full,paper_facing_effectiveness_context,mse,iscf_v1_cpsi,a6_full,ETTh1,720,-7.921681457218943,0.5144721038777356,0.4767087548405893
context_vs_a6_full,paper_facing_effectiveness_context,mse,iscf_v1_cpsi,a6_full,ETTh2,96,-3.495199083305822,0.26315564280130543,0.2542684541236401
context_vs_a6_full,paper_facing_effectiveness_context,mse,iscf_v1_cpsi,a6_full,ETTh2,192,-1.2084347934877115,0.30136407450045627,0.2977657693406475
context_vs_a6_full,paper_facing_effectiveness_context,mse,iscf_v1_cpsi,a6_full,ETTh2,336,0.40652526599058714,0.33111190433987603,0.33246345227355256
context_vs_a6_full,paper_facing_effectiveness_context,mse,iscf_v1_cpsi,a6_full,ETTh2,720,0.9340387243216064,0.4138451654003624,0.417747084943459
context_vs_a6_full,paper_facing_effectiveness_context,mse,iscf_v1_cpsi,a6_full,ETTm2,96,-0.3504804438503317,0.1644422422858899,0.16386791728207142
context_vs_a6_full,paper_facing_effectiveness_context,mse,iscf_v1_cpsi,a6_full,ETTm2,192,-3.9354376011618175,0.22740930048725447,0.21879861742624002
context_vs_a6_full,paper_facing_effectiveness_context,mse,iscf_v1_cpsi,a6_full,ETTm2,336,-3.136684515840016,0.28296508709827045,0.27435930137429604
context_vs_a6_full,paper_facing_effectiveness_context,mse,iscf_v1_cpsi,a6_full,ETTm2,720,-1.3961574086118533,0.36123925902662807,0.35626523554624073
context_vs_a6_full,paper_facing_effectiveness_context,mae,iscf_v1_cpsi,a6_full,Weather,96,0.7666165677861159,0.18677728563194754,0.18822021296848626
context_vs_a6_full,paper_facing_effectiveness_context,mae,iscf_v1_cpsi,a6_full,Weather,192,-0.8514086913431251,0.23092685334801866,0.22897732053973874
context_vs_a6_full,paper_facing_effectiveness_context,mae,iscf_v1_cpsi,a6_full,Weather,336,-1.1125662670609548,0.2722100325758713,0.269214839090231
context_vs_a6_full,paper_facing_effectiveness_context,mae,iscf_v1_cpsi,a6_full,Weather,720,-0.9571807409542776,0.3213501072402307,0.31830336869725195
context_vs_a6_full,paper_facing_effectiveness_context,mae,iscf_v1_cpsi,a6_full,ETTm1,96,0.8606495334164466,0.3374474964973448,0.3403769491218189
context_vs_a6_full,paper_facing_effectiveness_context,mae,iscf_v1_cpsi,a6_full,ETTm1,192,0.801127303530802,0.35975412875221513,0.36265949296923805
context_vs_a6_full,paper_facing_effectiveness_context,mae,iscf_v1_cpsi,a6_full,ETTm1,336,0.5322400014120432,0.3813271224832792,0.38336755797928146
context_vs_a6_full,paper_facing_effectiveness_context,mae,iscf_v1_cpsi,a6_full,ETTm1,720,0.7565200816911921,0.41147393832190954,0.4146105503964692
context_vs_a6_full,paper_facing_effectiveness_context,mae,iscf_v1_cpsi,a6_full,ETTh1,96,-3.7788509745309673,0.41302861307788385,0.3979891945221554
context_vs_a6_full,paper_facing_effectiveness_context,mae,iscf_v1_cpsi,a6_full,ETTh1,192,-3.3442577221663106,0.4298096871494817,0.4159008895346605
context_vs_a6_full,paper_facing_effectiveness_context,mae,iscf_v1_cpsi,a6_full,ETTh1,336,-4.054609043334589,0.4490424486994578,0.43154498664489677
context_vs_a6_full,paper_facing_effectiveness_context,mae,iscf_v1_cpsi,a6_full,ETTh1,720,-6.191065102982285,0.5077847371264218,0.4781802844090327
context_vs_a6_full,paper_facing_effectiveness_context,mae,iscf_v1_cpsi,a6_full,ETTh2,96,-2.805966671811011,0.33699105327266016,0.32779328299926563
context_vs_a6_full,paper_facing_effectiveness_context,mae,iscf_v1_cpsi,a6_full,ETTh2,192,-1.4507388375751606,0.36327960665272385,0.35808473236882227
context_vs_a6_full,paper_facing_effectiveness_context,mae,iscf_v1_cpsi,a6_full,ETTh2,336,-0.47341233920372705,0.38831846228956707,0.38648877673088555
context_vs_a6_full,paper_facing_effectiveness_context,mae,iscf_v1_cpsi,a6_full,ETTh2,720,0.14950640691954176,0.4453929710220627,0.4460598590900987
context_vs_a6_full,paper_facing_effectiveness_context,mae,iscf_v1_cpsi,a6_full,ETTm2,96,0.04417345363785241,0.2500692190212495,0.2501797320491976
context_vs_a6_full,paper_facing_effectiveness_context,mae,iscf_v1_cpsi,a6_full,ETTm2,192,-0.7010441561234204,0.2906815018079703,0.2886578825908774
context_vs_a6_full,paper_facing_effectiveness_context,mae,iscf_v1_cpsi,a6_full,ETTm2,336,-0.19676313321572714,0.32742393959127564,0.3267809551451797
context_vs_a6_full,paper_facing_effectiveness_context,mae,iscf_v1_cpsi,a6_full,ETTm2,720,0.7943402492497031,0.38142991633551465,0.38448402771962803
common_private_vs_self,matched_mechanism_attribution,mse,iscf_v1_cpsi,iscf_v1_cpsi_self,Weather,96,0.4242076335861378,0.14377045069416455,0.14438293412230702
common_private_vs_self,matched_mechanism_attribution,mse,iscf_v1_cpsi,iscf_v1_cpsi_self,Weather,192,0.3386904329976459,0.18789460042481773,0.18853314414707353
common_private_vs_self,matched_mechanism_attribution,mse,iscf_v1_cpsi,iscf_v1_cpsi_self,Weather,336,-0.20540391236292255,0.2396569181261752,0.23916566249837481
common_private_vs_self,matched_mechanism_attribution,mse,iscf_v1_cpsi,iscf_v1_cpsi_self,Weather,720,-0.5654577799731664,0.311907767732363,0.3101539779342376
common_private_vs_self,matched_mechanism_attribution,mse,iscf_v1_cpsi,iscf_v1_cpsi_self,ETTm1,96,2.858777300754811,0.28574231818471324,0.2941514531574179
common_private_vs_self,matched_mechanism_attribution,mse,iscf_v1_cpsi,iscf_v1_cpsi_self,ETTm1,192,2.321964818674982,0.3240540638008575,0.331757352816627
common_private_vs_self,matched_mechanism_attribution,mse,iscf_v1_cpsi,iscf_v1_cpsi_self,ETTm1,336,1.3096409134803477,0.36651207288925985,0.37137576180865534
common_private_vs_self,matched_mechanism_attribution,mse,iscf_v1_cpsi,iscf_v1_cpsi_self,ETTm1,720,0.9509542444359309,0.42536745533819975,0.4294513410941213
common_private_vs_self,matched_mechanism_attribution,mse,iscf_v1_cpsi,iscf_v1_cpsi_self,ETTh1,96,-0.07333014420947137,0.3734890764949303,0.37321539710602053
common_private_vs_self,matched_mechanism_attribution,mse,iscf_v1_cpsi,iscf_v1_cpsi_self,ETTh1,192,0.5117709901880763,0.3989170061037902,0.40096904937814043
common_private_vs_self,matched_mechanism_attribution,mse,iscf_v1_cpsi,iscf_v1_cpsi_self,ETTh1,336,0.4763290706563006,0.42238706392517084,0.42440864568293735
common_private_vs_self,matched_mechanism_attribution,mse,iscf_v1_cpsi,iscf_v1_cpsi_self,ETTh1,720,1.2203796621395147,0.5144721038777356,0.5208281851236752
common_private_vs_self,matched_mechanism_attribution,mse,iscf_v1_cpsi,iscf_v1_cpsi_self,ETTh2,96,0.4743662895742462,0.26315564280130543,0.2644099143010417
common_private_vs_self,matched_mechanism_attribution,mse,iscf_v1_cpsi,iscf_v1_cpsi_self,ETTh2,192,0.5327550286153948,0.30136407450045627,0.3029782061292184
common_private_vs_self,matched_mechanism_attribution,mse,iscf_v1_cpsi,iscf_v1_cpsi_self,ETTh2,336,0.7993637715790536,0.33111190433987603,0.3337800209037496
common_private_vs_self,matched_mechanism_attribution,mse,iscf_v1_cpsi,iscf_v1_cpsi_self,ETTh2,720,0.003972830795417881,0.4138451654003624,0.4138616074217525
common_private_vs_self,matched_mechanism_attribution,mse,iscf_v1_cpsi,iscf_v1_cpsi_self,ETTm2,96,1.9994407293939198,0.1644422422858899,0.16779724882163208
common_private_vs_self,matched_mechanism_attribution,mse,iscf_v1_cpsi,iscf_v1_cpsi_self,ETTm2,192,2.337277625949763,0.22740930048725447,0.23285169096174912
common_private_vs_self,matched_mechanism_attribution,mse,iscf_v1_cpsi,iscf_v1_cpsi_self,ETTm2,336,2.4586990247076224,0.28296508709827045,0.290097716832736
common_private_vs_self,matched_mechanism_attribution,mse,iscf_v1_cpsi,iscf_v1_cpsi_self,ETTm2,720,0.9448181405134592,0.36123925902662807,0.36468486781343695
common_private_vs_self,matched_mechanism_attribution,mae,iscf_v1_cpsi,iscf_v1_cpsi_self,Weather,96,0.16843564941783074,0.18677728563194754,0.18709241595777754
common_private_vs_self,matched_mechanism_attribution,mae,iscf_v1_cpsi,iscf_v1_cpsi_self,Weather,192,-0.04287936863782704,0.23092685334801866,0.23082787581223024
common_private_vs_self,matched_mechanism_attribution,mae,iscf_v1_cpsi,iscf_v1_cpsi_self,Weather,336,-0.3798048957635247,0.2722100325758713,0.27118007736570104
common_private_vs_self,matched_mechanism_attribution,mae,iscf_v1_cpsi,iscf_v1_cpsi_self,Weather,720,-0.4333192390017837,0.3213501072402307,0.31996364321636317
common_private_vs_self,matched_mechanism_attribution,mae,iscf_v1_cpsi,iscf_v1_cpsi_self,ETTm1,96,1.0305277505566757,0.3374474964973448,0.3409611962432616
common_private_vs_self,matched_mechanism_attribution,mae,iscf_v1_cpsi,iscf_v1_cpsi_self,ETTm1,192,0.9158187213090363,0.35975412875221513,0.36307927674181006
common_private_vs_self,matched_mechanism_attribution,mae,iscf_v1_cpsi,iscf_v1_cpsi_self,ETTm1,336,0.6865562404577585,0.3813271224832792,0.38396324611051513
common_private_vs_self,matched_mechanism_attribution,mae,iscf_v1_cpsi,iscf_v1_cpsi_self,ETTm1,720,0.9332588190318347,0.41147393832190954,0.4153502309824221
common_private_vs_self,matched_mechanism_attribution,mae,iscf_v1_cpsi,iscf_v1_cpsi_self,ETTh1,96,-0.74558465166088,0.41302861307788385,0.40997192532653065
common_private_vs_self,matched_mechanism_attribution,mae,iscf_v1_cpsi,iscf_v1_cpsi_self,ETTh1,192,-0.2510364786484809,0.4298096871494817,0.428733409894493
common_private_vs_self,matched_mechanism_attribution,mae,iscf_v1_cpsi,iscf_v1_cpsi_self,ETTh1,336,-0.22822101692876462,0.4490424486994578,0.44801997296112195
common_private_vs_self,matched_mechanism_attribution,mae,iscf_v1_cpsi,iscf_v1_cpsi_self,ETTh1,720,0.518684596987451,0.5077847371264218,0.5104322706925574
common_private_vs_self,matched_mechanism_attribution,mae,iscf_v1_cpsi,iscf_v1_cpsi_self,ETTh2,96,0.287130632193755,0.33699105327266016,0.3379614441036862
common_private_vs_self,matched_mechanism_attribution,mae,iscf_v1_cpsi,iscf_v1_cpsi_self,ETTh2,192,0.3429105325869153,0.36327960665272385,0.3645296171041728
common_private_vs_self,matched_mechanism_attribution,mae,iscf_v1_cpsi,iscf_v1_cpsi_self,ETTh2,336,0.4263223974702801,0.38831846228956707,0.38998103880387525
common_private_vs_self,matched_mechanism_attribution,mae,iscf_v1_cpsi,iscf_v1_cpsi_self,ETTh2,720,-0.013576266193360276,0.4453929710220627,0.44533251149485664
common_private_vs_self,matched_mechanism_attribution,mae,iscf_v1_cpsi,iscf_v1_cpsi_self,ETTm2,96,0.5205786292361347,0.2500692190212495,0.2513778383262115
common_private_vs_self,matched_mechanism_attribution,mae,iscf_v1_cpsi,iscf_v1_cpsi_self,ETTm2,192,0.752078482141727,0.2906815018079703,0.2928842210117884
common_private_vs_self,matched_mechanism_attribution,mae,iscf_v1_cpsi,iscf_v1_cpsi_self,ETTm2,336,1.0418167543441048,0.32742393959127564,0.33087100920039275
common_private_vs_self,matched_mechanism_attribution,mae,iscf_v1_cpsi,iscf_v1_cpsi_self,ETTm2,720,0.39358258656031486,0.38142991633551465,0.38293709003939047
nonlinear_vs_linear,matched_mechanism_attribution,mse,iscf_v1_cpsi,iscf_v1_cpsi_linear,Weather,96,-1.298152095332017,0.14377045069416455,0.14192800926798912
nonlinear_vs_linear,matched_mechanism_attribution,mse,iscf_v1_cpsi,iscf_v1_cpsi_linear,Weather,192,-2.1431644455280896,0.18789460042481773,0.18395220222986142
nonlinear_vs_linear,matched_mechanism_attribution,mse,iscf_v1_cpsi,iscf_v1_cpsi_linear,Weather,336,-2.3572886681251903,0.2396569181261752,0.2341376185756727
nonlinear_vs_linear,matched_mechanism_attribution,mse,iscf_v1_cpsi,iscf_v1_cpsi_linear,Weather,720,-2.070637722725288,0.311907767732363,0.30558030663006136
nonlinear_vs_linear,matched_mechanism_attribution,mse,iscf_v1_cpsi,iscf_v1_cpsi_linear,ETTm1,96,-1.6995646852280277,0.28574231818471324,0.28096710056637797
nonlinear_vs_linear,matched_mechanism_attribution,mse,iscf_v1_cpsi,iscf_v1_cpsi_linear,ETTm1,192,-0.5916237521788048,0.3240540638008575,0.32214815877633
nonlinear_vs_linear,matched_mechanism_attribution,mse,iscf_v1_cpsi,iscf_v1_cpsi_linear,ETTm1,336,-0.12889142163721168,0.36651207288925985,0.366040278370703
nonlinear_vs_linear,matched_mechanism_attribution,mse,iscf_v1_cpsi,iscf_v1_cpsi_linear,ETTm1,720,0.11954843460199038,0.42536745533819975,0.42587658412786106
nonlinear_vs_linear,matched_mechanism_attribution,mse,iscf_v1_cpsi,iscf_v1_cpsi_linear,ETTh1,96,3.78559381968816,0.3734890764949303,0.388184151752689
nonlinear_vs_linear,matched_mechanism_attribution,mse,iscf_v1_cpsi,iscf_v1_cpsi_linear,ETTh1,192,2.1032114182142347,0.3989170061037902,0.4074873260735449
nonlinear_vs_linear,matched_mechanism_attribution,mse,iscf_v1_cpsi,iscf_v1_cpsi_linear,ETTh1,336,-0.521871090638304,0.42238706392517084,0.4201941919130355
nonlinear_vs_linear,matched_mechanism_attribution,mse,iscf_v1_cpsi,iscf_v1_cpsi_linear,ETTh1,720,-6.867804310568171,0.5144721038777356,0.48140981953987744
nonlinear_vs_linear,matched_mechanism_attribution,mse,iscf_v1_cpsi,iscf_v1_cpsi_linear,ETTh2,96,-7.842099392757862,0.26315564280130543,0.244019398994543
nonlinear_vs_linear,matched_mechanism_attribution,mse,iscf_v1_cpsi,iscf_v1_cpsi_linear,ETTh2,192,-4.747928540494639,0.30136407450045627,0.28770408990374596
nonlinear_vs_linear,matched_mechanism_attribution,mse,iscf_v1_cpsi,iscf_v1_cpsi_linear,ETTh2,336,-2.528832969269401,0.33111190433987603,0.32294516064482953
nonlinear_vs_linear,matched_mechanism_attribution,mse,iscf_v1_cpsi,iscf_v1_cpsi_linear,ETTh2,720,-1.6495555806631979,0.4138451654003624,0.40712934064129663
nonlinear_vs_linear,matched_mechanism_attribution,mse,iscf_v1_cpsi,iscf_v1_cpsi_linear,ETTm2,96,-1.7358938330854778,0.1644422422858899,0.16163640588412637
nonlinear_vs_linear,matched_mechanism_attribution,mse,iscf_v1_cpsi,iscf_v1_cpsi_linear,ETTm2,192,-4.9033458209976954,0.22740930048725447,0.21677983548331753
nonlinear_vs_linear,matched_mechanism_attribution,mse,iscf_v1_cpsi,iscf_v1_cpsi_linear,ETTm2,336,-5.507221802931017,0.28296508709827045,0.2681949939188045
nonlinear_vs_linear,matched_mechanism_attribution,mse,iscf_v1_cpsi,iscf_v1_cpsi_linear,ETTm2,720,-4.586972877049966,0.36123925902662807,0.3453960365133549
nonlinear_vs_linear,matched_mechanism_attribution,mae,iscf_v1_cpsi,iscf_v1_cpsi_linear,Weather,96,-1.2382088104216038,0.18677728563194754,0.18449287855507812
nonlinear_vs_linear,matched_mechanism_attribution,mae,iscf_v1_cpsi,iscf_v1_cpsi_linear,Weather,192,-1.8582990135023625,0.23092685334801866,0.22671383243638002
nonlinear_vs_linear,matched_mechanism_attribution,mae,iscf_v1_cpsi,iscf_v1_cpsi_linear,Weather,336,-1.7344714540554085,0.2722100325758713,0.26756912252579484
nonlinear_vs_linear,matched_mechanism_attribution,mae,iscf_v1_cpsi,iscf_v1_cpsi_linear,Weather,720,-1.021949796279853,0.3213501072402307,0.3180992921719122
nonlinear_vs_linear,matched_mechanism_attribution,mae,iscf_v1_cpsi,iscf_v1_cpsi_linear,ETTm1,96,-1.2447483322466146,0.3374474964973448,0.3332987656702656
nonlinear_vs_linear,matched_mechanism_attribution,mae,iscf_v1_cpsi,iscf_v1_cpsi_linear,ETTm1,192,-0.7409928595234927,0.35975412875221513,0.3571079840893249
nonlinear_vs_linear,matched_mechanism_attribution,mae,iscf_v1_cpsi,iscf_v1_cpsi_linear,ETTm1,336,-0.4055840465602589,0.3813271224832792,0.3797867679415614
nonlinear_vs_linear,matched_mechanism_attribution,mae,iscf_v1_cpsi,iscf_v1_cpsi_linear,ETTm1,720,-0.17475559596531465,0.41147393832190954,0.41075611901815534
nonlinear_vs_linear,matched_mechanism_attribution,mae,iscf_v1_cpsi,iscf_v1_cpsi_linear,ETTh1,96,0.8758748442672437,0.41302861307788385,0.41667819254795885
nonlinear_vs_linear,matched_mechanism_attribution,mae,iscf_v1_cpsi,iscf_v1_cpsi_linear,ETTh1,192,-0.5580454002221735,0.4298096871494817,0.42742446458543837
nonlinear_vs_linear,matched_mechanism_attribution,mae,iscf_v1_cpsi,iscf_v1_cpsi_linear,ETTh1,336,-2.4473789413706815,0.4490424486994578,0.4383152144443237
nonlinear_vs_linear,matched_mechanism_attribution,mae,iscf_v1_cpsi,iscf_v1_cpsi_linear,ETTh1,720,-4.3824528681261965,0.5077847371264218,0.48646561100450714
nonlinear_vs_linear,matched_mechanism_attribution,mae,iscf_v1_cpsi,iscf_v1_cpsi_linear,ETTh2,96,-6.480108554425934,0.33699105327266016,0.3164826349706542
nonlinear_vs_linear,matched_mechanism_attribution,mae,iscf_v1_cpsi,iscf_v1_cpsi_linear,ETTh2,192,-3.96594034749993,0.36327960665272385,0.349421748544267
nonlinear_vs_linear,matched_mechanism_attribution,mae,iscf_v1_cpsi,iscf_v1_cpsi_linear,ETTh2,336,-2.30674151523258,0.38831846228956707,0.37956292668333086
nonlinear_vs_linear,matched_mechanism_attribution,mae,iscf_v1_cpsi,iscf_v1_cpsi_linear,ETTh2,720,-1.524479236603904,0.4453929710220627,0.4387050043212431
nonlinear_vs_linear,matched_mechanism_attribution,mae,iscf_v1_cpsi,iscf_v1_cpsi_linear,ETTm2,96,-0.4957923277769005,0.2500692190212495,0.24883551164572562
nonlinear_vs_linear,matched_mechanism_attribution,mae,iscf_v1_cpsi,iscf_v1_cpsi_linear,ETTm2,192,-1.3405242784221505,0.2906815018079703,0.28683639035589975
nonlinear_vs_linear,matched_mechanism_attribution,mae,iscf_v1_cpsi,iscf_v1_cpsi_linear,ETTm2,336,-1.912635827884679,0.32742393959127564,0.3212790415353854
nonlinear_vs_linear,matched_mechanism_attribution,mae,iscf_v1_cpsi,iscf_v1_cpsi_linear,ETTm2,720,-1.9678078583220904,0.38142991633551465,0.3740689579847472
common_private_vs_common,matched_mechanism_attribution,mse,iscf_v1_cpsi,iscf_v1_cpsi_common,Weather,96,-0.4802118757361473,0.14377045069416455,0.14308334746742515
common_private_vs_common,matched_mechanism_attribution,mse,iscf_v1_cpsi,iscf_v1_cpsi_common,Weather,192,-0.9021044116794164,0.18789460042481773,0.1862147489592585
common_private_vs_common,matched_mechanism_attribution,mse,iscf_v1_cpsi,iscf_v1_cpsi_common,Weather,336,-1.481909162840278,0.2396569181261752,0.23615728172951106
common_private_vs_common,matched_mechanism_attribution,mse,iscf_v1_cpsi,iscf_v1_cpsi_common,Weather,720,-1.6715712908744074,0.311907767732363,0.30677972590786395
common_private_vs_common,matched_mechanism_attribution,mse,iscf_v1_cpsi,iscf_v1_cpsi_common,ETTm1,96,0.381260411714357,0.28574231818471324,0.2868359099559559
common_private_vs_common,matched_mechanism_attribution,mse,iscf_v1_cpsi,iscf_v1_cpsi_common,ETTm1,192,-0.4050087099376043,0.3240540638008575,0.32274691070146205
common_private_vs_common,matched_mechanism_attribution,mse,iscf_v1_cpsi,iscf_v1_cpsi_common,ETTm1,336,-1.1975927396270514,0.36651207288925985,0.36217469503673355
common_private_vs_common,matched_mechanism_attribution,mse,iscf_v1_cpsi,iscf_v1_cpsi_common,ETTm1,720,-0.8428678151758628,0.42536745533819975,0.42181213659830696
common_private_vs_common,matched_mechanism_attribution,mse,iscf_v1_cpsi,iscf_v1_cpsi_common,ETTh1,96,0.19809102609776863,0.3734890764949303,0.37423039332102964
common_private_vs_common,matched_mechanism_attribution,mse,iscf_v1_cpsi,iscf_v1_cpsi_common,ETTh1,192,0.44744339337144945,0.3989170061037902,0.4007099563299703
common_private_vs_common,matched_mechanism_attribution,mse,iscf_v1_cpsi,iscf_v1_cpsi_common,ETTh1,336,0.8010888343321199,0.42238706392517084,0.42579808483962106
common_private_vs_common,matched_mechanism_attribution,mse,iscf_v1_cpsi,iscf_v1_cpsi_common,ETTh1,720,0.3653091315084622,0.5144721038777356,0.5163584082945473
common_private_vs_common,matched_mechanism_attribution,mse,iscf_v1_cpsi,iscf_v1_cpsi_common,ETTh2,96,2.8175398303086574,0.26315564280130543,0.2707851214527874
common_private_vs_common,matched_mechanism_attribution,mse,iscf_v1_cpsi,iscf_v1_cpsi_common,ETTh2,192,1.82308745404538,0.30136407450045627,0.30696022790428845
common_private_vs_common,matched_mechanism_attribution,mse,iscf_v1_cpsi,iscf_v1_cpsi_common,ETTh2,336,1.5281023008831274,0.33111190433987603,0.33625015062835084
common_private_vs_common,matched_mechanism_attribution,mse,iscf_v1_cpsi,iscf_v1_cpsi_common,ETTh2,720,0.5299074174573648,0.4138451654003624,0.4160498443860841
common_private_vs_common,matched_mechanism_attribution,mse,iscf_v1_cpsi,iscf_v1_cpsi_common,ETTm2,96,2.7368148809491344,0.1644422422858899,0.16906935762448183
common_private_vs_common,matched_mechanism_attribution,mse,iscf_v1_cpsi,iscf_v1_cpsi_common,ETTm2,192,3.2197546533512478,0.22740930048725447,0.234974916288667
common_private_vs_common,matched_mechanism_attribution,mse,iscf_v1_cpsi,iscf_v1_cpsi_common,ETTm2,336,4.430791804805089,0.28296508709827045,0.296083950512941
common_private_vs_common,matched_mechanism_attribution,mse,iscf_v1_cpsi,iscf_v1_cpsi_common,ETTm2,720,2.998833568379067,0.36123925902662807,0.37240712902280054
common_private_vs_common,matched_mechanism_attribution,mae,iscf_v1_cpsi,iscf_v1_cpsi_common,Weather,96,-0.49314565631435325,0.18677728563194754,0.18586072155679567
common_private_vs_common,matched_mechanism_attribution,mae,iscf_v1_cpsi,iscf_v1_cpsi_common,Weather,192,-0.6125840592796861,0.23092685334801866,0.2295208452373705
common_private_vs_common,matched_mechanism_attribution,mae,iscf_v1_cpsi,iscf_v1_cpsi_common,Weather,336,-1.0044406182622145,0.2722100325758713,0.26950303462861225
common_private_vs_common,matched_mechanism_attribution,mae,iscf_v1_cpsi,iscf_v1_cpsi_common,Weather,720,-0.8478435139508411,0.3213501072402307,0.31864846688147236
common_private_vs_common,matched_mechanism_attribution,mae,iscf_v1_cpsi,iscf_v1_cpsi_common,ETTm1,96,0.8871456635967334,0.3374474964973448,0.34046794309040834
common_private_vs_common,matched_mechanism_attribution,mae,iscf_v1_cpsi,iscf_v1_cpsi_common,ETTm1,192,0.5547919983285188,0.35975412875221513,0.36176115066918896
common_private_vs_common,matched_mechanism_attribution,mae,iscf_v1_cpsi,iscf_v1_cpsi_common,ETTm1,336,0.2872924532527521,0.3813271224832792,0.3824258029544586
common_private_vs_common,matched_mechanism_attribution,mae,iscf_v1_cpsi,iscf_v1_cpsi_common,ETTm1,720,0.0919440919687986,0.41147393832190954,0.4118526124666918
common_private_vs_common,matched_mechanism_attribution,mae,iscf_v1_cpsi,iscf_v1_cpsi_common,ETTh1,96,0.36484958682957425,0.41302861307788385,0.41454106443872746
common_private_vs_common,matched_mechanism_attribution,mae,iscf_v1_cpsi,iscf_v1_cpsi_common,ETTh1,192,0.5659325096754375,0.4298096871494817,0.43225596417576334
common_private_vs_common,matched_mechanism_attribution,mae,iscf_v1_cpsi,iscf_v1_cpsi_common,ETTh1,336,0.6677898352873912,0.4490424486994578,0.45206126789573686
common_private_vs_common,matched_mechanism_attribution,mae,iscf_v1_cpsi,iscf_v1_cpsi_common,ETTh1,720,0.3055901930860583,0.5077847371264218,0.5093412339868291
common_private_vs_common,matched_mechanism_attribution,mae,iscf_v1_cpsi,iscf_v1_cpsi_common,ETTh2,96,2.4666506399753985,0.33699105327266016,0.3455136683850833
common_private_vs_common,matched_mechanism_attribution,mae,iscf_v1_cpsi,iscf_v1_cpsi_common,ETTh2,192,1.7064242635282612,0.36327960665272385,0.36958631724487084
common_private_vs_common,matched_mechanism_attribution,mae,iscf_v1_cpsi,iscf_v1_cpsi_common,ETTh2,336,1.278762888358853,0.38831846228956707,0.3933484563715792
common_private_vs_common,matched_mechanism_attribution,mae,iscf_v1_cpsi,iscf_v1_cpsi_common,ETTh2,720,0.45387271809738117,0.4453929710220627,0.44742370515405744
common_private_vs_common,matched_mechanism_attribution,mae,iscf_v1_cpsi,iscf_v1_cpsi_common,ETTm2,96,0.9269385205729397,0.2500692190212495,0.25240889429179236
common_private_vs_common,matched_mechanism_attribution,mae,iscf_v1_cpsi,iscf_v1_cpsi_common,ETTm2,192,1.3528106857543243,0.2906815018079703,0.2946677992841636
common_private_vs_common,matched_mechanism_attribution,mae,iscf_v1_cpsi,iscf_v1_cpsi_common,ETTm2,336,2.1922182996984674,0.32742393959127564,0.33476266806106925
common_private_vs_common,matched_mechanism_attribution,mae,iscf_v1_cpsi,iscf_v1_cpsi_common,ETTm2,720,1.3487094223304075,0.38142991633551465,0.38664462887610107
pre_vs_post_synthesis,matched_mechanism_attribution,mse,iscf_v1_cpsi,iscf_v1_cpsi_post,Weather,96,0.5593062741857002,0.14377045069416455,0.14457909061915813
pre_vs_post_synthesis,matched_mechanism_attribution,mse,iscf_v1_cpsi,iscf_v1_cpsi_post,Weather,192,0.6291163780832831,0.18789460042481773,0.18908415984274965
pre_vs_post_synthesis,matched_mechanism_attribution,mse,iscf_v1_cpsi,iscf_v1_cpsi_post,Weather,336,0.08756833567751254,0.2396569181261752,0.23986696563582266
pre_vs_post_synthesis,matched_mechanism_attribution,mse,iscf_v1_cpsi,iscf_v1_cpsi_post,Weather,720,-0.10158634246713039,0.311907767732363,0.3115912335947059
pre_vs_post_synthesis,matched_mechanism_attribution,mse,iscf_v1_cpsi,iscf_v1_cpsi_post,ETTm1,96,-0.3612158419260991,0.28574231818471324,0.28471388652243074
pre_vs_post_synthesis,matched_mechanism_attribution,mse,iscf_v1_cpsi,iscf_v1_cpsi_post,ETTm1,192,-0.3544068563607006,0.3240540638008575,0.32290964986189663
pre_vs_post_synthesis,matched_mechanism_attribution,mse,iscf_v1_cpsi,iscf_v1_cpsi_post,ETTm1,336,-1.029688729545164,0.36651207288925985,0.3627766030937764
pre_vs_post_synthesis,matched_mechanism_attribution,mse,iscf_v1_cpsi,iscf_v1_cpsi_post,ETTm1,720,-0.27902106184758413,0.42536745533819975,0.4241838929359435
pre_vs_post_synthesis,matched_mechanism_attribution,mse,iscf_v1_cpsi,iscf_v1_cpsi_post,ETTh1,96,-1.3516369694477337,0.3734890764949303,0.36850818364928617
pre_vs_post_synthesis,matched_mechanism_attribution,mse,iscf_v1_cpsi,iscf_v1_cpsi_post,ETTh1,192,-0.49417344710565025,0.3989170061037902,0.3969553581270632
pre_vs_post_synthesis,matched_mechanism_attribution,mse,iscf_v1_cpsi,iscf_v1_cpsi_post,ETTh1,336,-1.1617720190094438,0.42238706392517084,0.41753624466542516
pre_vs_post_synthesis,matched_mechanism_attribution,mse,iscf_v1_cpsi,iscf_v1_cpsi_post,ETTh1,720,-8.160136714918176,0.5144721038777356,0.47565777883005955
pre_vs_post_synthesis,matched_mechanism_attribution,mse,iscf_v1_cpsi,iscf_v1_cpsi_post,ETTh2,96,-6.106698849702186,0.26315564280130543,0.24801039487060064
pre_vs_post_synthesis,matched_mechanism_attribution,mse,iscf_v1_cpsi,iscf_v1_cpsi_post,ETTh2,192,-3.81200266204178,0.30136407450045627,0.29029791042712266
pre_vs_post_synthesis,matched_mechanism_attribution,mse,iscf_v1_cpsi,iscf_v1_cpsi_post,ETTh2,336,-2.7953402478558598,0.33111190433987603,0.3221078927717081
pre_vs_post_synthesis,matched_mechanism_attribution,mse,iscf_v1_cpsi,iscf_v1_cpsi_post,ETTh2,720,-1.8385289207364819,0.4138451654003624,0.40637386437746825
pre_vs_post_synthesis,matched_mechanism_attribution,mse,iscf_v1_cpsi,iscf_v1_cpsi_post,ETTm2,96,0.881869950011005,0.1644422422858899,0.1659053113723549
pre_vs_post_synthesis,matched_mechanism_attribution,mse,iscf_v1_cpsi,iscf_v1_cpsi_post,ETTm2,192,-2.978241330121878,0.22740930048725447,0.22083237929674723
pre_vs_post_synthesis,matched_mechanism_attribution,mse,iscf_v1_cpsi,iscf_v1_cpsi_post,ETTm2,336,-3.683831104154889,0.28296508709827045,0.2729114887875042
pre_vs_post_synthesis,matched_mechanism_attribution,mse,iscf_v1_cpsi,iscf_v1_cpsi_post,ETTm2,720,-1.8362322271982645,0.36123925902662807,0.35472567192067506
pre_vs_post_synthesis,matched_mechanism_attribution,mae,iscf_v1_cpsi,iscf_v1_cpsi_post,Weather,96,1.904833134443551,0.18677728563194754,0.19040416730004003
pre_vs_post_synthesis,matched_mechanism_attribution,mae,iscf_v1_cpsi,iscf_v1_cpsi_post,Weather,192,1.4949598446575174,0.23092685334801866,0.2344315102900795
pre_vs_post_synthesis,matched_mechanism_attribution,mae,iscf_v1_cpsi,iscf_v1_cpsi_post,Weather,336,0.8329648548607183,0.2722100325758713,0.2744964918810662
pre_vs_post_synthesis,matched_mechanism_attribution,mae,iscf_v1_cpsi,iscf_v1_cpsi_post,Weather,720,0.6599324523345107,0.3213501072402307,0.3234848890011476
pre_vs_post_synthesis,matched_mechanism_attribution,mae,iscf_v1_cpsi,iscf_v1_cpsi_post,ETTm1,96,-0.000559337941519189,0.3374474964973448,0.33744560903602144
pre_vs_post_synthesis,matched_mechanism_attribution,mae,iscf_v1_cpsi,iscf_v1_cpsi_post,ETTm1,192,0.21927320641111914,0.35975412875221513,0.3605447066911223
pre_vs_post_synthesis,matched_mechanism_attribution,mae,iscf_v1_cpsi,iscf_v1_cpsi_post,ETTm1,336,0.10430477900140733,0.3813271224832792,0.3817252801931772
pre_vs_post_synthesis,matched_mechanism_attribution,mae,iscf_v1_cpsi,iscf_v1_cpsi_post,ETTm1,720,0.6856355060873898,0.41147393832190954,0.41431462650816286
pre_vs_post_synthesis,matched_mechanism_attribution,mae,iscf_v1_cpsi,iscf_v1_cpsi_post,ETTh1,96,-3.0747484120851043,0.41302861307788385,0.4007078546790398
pre_vs_post_synthesis,matched_mechanism_attribution,mae,iscf_v1_cpsi,iscf_v1_cpsi_post,ETTh1,192,-2.8823083982701725,0.4298096871494817,0.4177683158951247
pre_vs_post_synthesis,matched_mechanism_attribution,mae,iscf_v1_cpsi,iscf_v1_cpsi_post,ETTh1,336,-3.639002176948014,0.4490424486994578,0.4332755422835752
pre_vs_post_synthesis,matched_mechanism_attribution,mae,iscf_v1_cpsi,iscf_v1_cpsi_post,ETTh1,720,-6.152381487109926,0.5077847371264218,0.47835454090879914
pre_vs_post_synthesis,matched_mechanism_attribution,mae,iscf_v1_cpsi,iscf_v1_cpsi_post,ETTh2,96,-4.5214127962105,0.33699105327266016,0.3224134120055427
pre_vs_post_synthesis,matched_mechanism_attribution,mae,iscf_v1_cpsi,iscf_v1_cpsi_post,ETTh2,192,-2.4168094227106085,0.36327960665272385,0.3547070141126342
pre_vs_post_synthesis,matched_mechanism_attribution,mae,iscf_v1_cpsi,iscf_v1_cpsi_post,ETTh2,336,-1.6890572357657563,0.38831846228956707,0.3818684850123568
pre_vs_post_synthesis,matched_mechanism_attribution,mae,iscf_v1_cpsi,iscf_v1_cpsi_post,ETTh2,720,-1.5699503713237917,0.4453929710220627,0.43850860357199734
pre_vs_post_synthesis,matched_mechanism_attribution,mae,iscf_v1_cpsi,iscf_v1_cpsi_post,ETTm2,96,1.1761434007602989,0.2500692190212495,0.25304539574422297
pre_vs_post_synthesis,matched_mechanism_attribution,mae,iscf_v1_cpsi,iscf_v1_cpsi_post,ETTm2,192,-0.46294671368967144,0.2906815018079703,0.2893420025159986
pre_vs_post_synthesis,matched_mechanism_attribution,mae,iscf_v1_cpsi,iscf_v1_cpsi_post,ETTm2,336,-1.1607352213098832,0.32742393959127564,0.32366702246179657
pre_vs_post_synthesis,matched_mechanism_attribution,mae,iscf_v1_cpsi,iscf_v1_cpsi_post,ETTm2,720,-0.8141579631282037,0.38142991633551465,0.37834955331871034
