dataset,arm,source,status,protocol_pass,checkpoint_sha256,run_dir
Weather,a6_full,reused_reference,ok,True,14b572a18f8ecc12dab40fc0f7c16e10953df982155b71eec6bfa77788f1073d,/home/yingch/exp_outputs/r-2026-fatst/stage_c_siff_equal_attribution_v2/a6_full/Weather/h720_full/seed2021
ETTm1,a6_full,reused_reference,ok,True,cbb57f5c5f32ba2889f6ef9c0aaf165103b319fc64c288df843ac1bb4a0fcef3,/home/yingch/exp_outputs/r-2026-fatst/stage_c_siff_equal_attribution_v2/a6_full/ETTm1/h720_full/seed2021
ETTh1,a6_full,reused_reference,ok,True,608023e3564640e7c0fc00c29edadc19c614fbe3a46683537ee7eff1089fa967,/home/yingch/exp_outputs/r-2026-fatst/stage_c_siff_equal_attribution_v2/a6_full/ETTh1/h720_full/seed2021
ETTh2,a6_full,reused_reference,ok,True,b6178da4e329647e88bb5b340650926a4d86506eb06f5ff02831dae7cf27eacf,/home/yingch/exp_outputs/r-2026-fatst/stage_c_siff_equal_attribution_v2/a6_full/ETTh2/h720_full/seed2021
ETTm2,a6_full,reused_reference,ok,True,80667ea06869d886243687a83935e14d2d22f1400de2b61464e7f56449470668,/home/yingch/exp_outputs/r-2026-fatst/stage_c_siff_equal_attribution_v2/a6_full/ETTm2/h720_full/seed2021
Weather,iscf_v0,reused_reference,ok,True,d94e4c2cc8769b45c50d44c567132c91414979b752eaf17244f38c446a713d64,/home/yingch/exp_outputs/r-2026-fatst/stage_c_siff_equal_attribution_v2/siff_independent_equal/Weather/h720_full/seed2021
ETTm1,iscf_v0,reused_reference,ok,True,6bd4d86c41c901be55708e0d09ae64bd8be8a428a5c53fa3b5d7ba4955a629b1,/home/yingch/exp_outputs/r-2026-fatst/stage_c_siff_equal_attribution_v2/siff_independent_equal/ETTm1/h720_full/seed2021
ETTh1,iscf_v0,reused_reference,ok,True,6cc42d65b2ae48a1f5f55e3c79df96820641664f4b4668a7298d2f6108e53643,/home/yingch/exp_outputs/r-2026-fatst/stage_c_siff_equal_attribution_v2/siff_independent_equal/ETTh1/h720_full/seed2021
ETTh2,iscf_v0,reused_reference,ok,True,a4c7d5d4818c08e316cc26a8025c39b072bb4ead53119aed021da616cd7ddd31,/home/yingch/exp_outputs/r-2026-fatst/stage_c_siff_equal_attribution_v2/siff_independent_equal/ETTh2/h720_full/seed2021
ETTm2,iscf_v0,reused_reference,ok,True,f63d649b96d6eda29e137b91990e1370c8716fc131c712d740aae7902195b40a,/home/yingch/exp_outputs/r-2026-fatst/stage_c_siff_equal_attribution_v2/siff_independent_equal/ETTm2/h720_full/seed2021
Weather,iscf_v1_cpsi,new_training,ok,True,174cd1be3a6078c8acab7e391b255a4900130630120836ac936cdf34888494ab,/home/yingch/exp_outputs/r-2026-fatst/stage_c_iscf_v1_cpsi_v1/iscf_v1_cpsi/Weather/h720_full/seed2021
ETTm1,iscf_v1_cpsi,new_training,ok,True,2f5f058d37daa9091883a403d8473a75231d3c212f8bdcb7bd8e63ada2aca823,/home/yingch/exp_outputs/r-2026-fatst/stage_c_iscf_v1_cpsi_v1/iscf_v1_cpsi/ETTm1/h720_full/seed2021
ETTh1,iscf_v1_cpsi,new_training,ok,True,af2f725e0d2059f9443dd9fa5ac6a6a3f42e4c8f2e4f14410974967c433a1922,/home/yingch/exp_outputs/r-2026-fatst/stage_c_iscf_v1_cpsi_v1/iscf_v1_cpsi/ETTh1/h720_full/seed2021
ETTh2,iscf_v1_cpsi,new_training,ok,True,f72c44214e939c83e6f947e663558ba8183d6329f3970e25f57626e6a0063c9b,/home/yingch/exp_outputs/r-2026-fatst/stage_c_iscf_v1_cpsi_v1/iscf_v1_cpsi/ETTh2/h720_full/seed2021
ETTm2,iscf_v1_cpsi,new_training,ok,True,6036286dc5f03a76944a8521daeafa04f70681b056c377d3d7ae0e2ef59fa78a,/home/yingch/exp_outputs/r-2026-fatst/stage_c_iscf_v1_cpsi_v1/iscf_v1_cpsi/ETTm2/h720_full/seed2021
Weather,iscf_v1_cpsi_self,new_training,ok,True,6e947047a323a30591c79e28c6e03819f171a563d2bbef322a1dba14ea6497ca,/home/yingch/exp_outputs/r-2026-fatst/stage_c_iscf_v1_cpsi_v1/iscf_v1_cpsi_self/Weather/h720_full/seed2021
ETTm1,iscf_v1_cpsi_self,new_training,ok,True,ac61b8cf5f89ee348829b0b5cad0d9d153920ab2583872dd7faa9b6e27bb1249,/home/yingch/exp_outputs/r-2026-fatst/stage_c_iscf_v1_cpsi_v1/iscf_v1_cpsi_self/ETTm1/h720_full/seed2021
ETTh1,iscf_v1_cpsi_self,new_training,ok,True,74c2dea6d758d860ad9319f537e2defe1d305a10207fe9fd0091b5858a96f725,/home/yingch/exp_outputs/r-2026-fatst/stage_c_iscf_v1_cpsi_v1/iscf_v1_cpsi_self/ETTh1/h720_full/seed2021
ETTh2,iscf_v1_cpsi_self,new_training,ok,True,424cc94f2adf83a97f4d03894da336a29a5a8f7fd85143ad3352c304a1d15320,/home/yingch/exp_outputs/r-2026-fatst/stage_c_iscf_v1_cpsi_v1/iscf_v1_cpsi_self/ETTh2/h720_full/seed2021
ETTm2,iscf_v1_cpsi_self,new_training,ok,True,413e32c0d10ff54e39aea24fbaff5cf8f22b6340f006e02eefe23b56f40101a8,/home/yingch/exp_outputs/r-2026-fatst/stage_c_iscf_v1_cpsi_v1/iscf_v1_cpsi_self/ETTm2/h720_full/seed2021
Weather,iscf_v1_cpsi_linear,new_training,ok,True,68688bdca31c3a67146514ded4748162620993ca73b1ac692a72651a748b8613,/home/yingch/exp_outputs/r-2026-fatst/stage_c_iscf_v1_cpsi_v1/iscf_v1_cpsi_linear/Weather/h720_full/seed2021
ETTm1,iscf_v1_cpsi_linear,new_training,ok,True,635093ac0928aca3cf64ff2b8d45ff99fcc84dd269d9b8f538cf5976ffdbd1a9,/home/yingch/exp_outputs/r-2026-fatst/stage_c_iscf_v1_cpsi_v1/iscf_v1_cpsi_linear/ETTm1/h720_full/seed2021
ETTh1,iscf_v1_cpsi_linear,new_training,ok,True,07effc1d07a75d4433896246e8b3ce3d5d03b4abbe3339dc4081326d93e25c1d,/home/yingch/exp_outputs/r-2026-fatst/stage_c_iscf_v1_cpsi_v1/iscf_v1_cpsi_linear/ETTh1/h720_full/seed2021
ETTh2,iscf_v1_cpsi_linear,new_training,ok,True,8a4050c2e445e9164c4bae41d0f5480c34a1aaf0eefe0c0441f54167b705eb2d,/home/yingch/exp_outputs/r-2026-fatst/stage_c_iscf_v1_cpsi_v1/iscf_v1_cpsi_linear/ETTh2/h720_full/seed2021
ETTm2,iscf_v1_cpsi_linear,new_training,ok,True,82ee23ab65adb2f52f313e89e2cf5dc32c1fbdbcd30af0f72305a92a3f123d6a,/home/yingch/exp_outputs/r-2026-fatst/stage_c_iscf_v1_cpsi_v1/iscf_v1_cpsi_linear/ETTm2/h720_full/seed2021
Weather,iscf_v1_cpsi_common,new_training,ok,True,c2e1f0faec5549f831a604ebd98a557ace9a5d1dd5049d993848e964a7590c0c,/home/yingch/exp_outputs/r-2026-fatst/stage_c_iscf_v1_cpsi_v1/iscf_v1_cpsi_common/Weather/h720_full/seed2021
ETTm1,iscf_v1_cpsi_common,new_training,ok,True,9782a396af55fcf028386bdb7646d64083632cbecf9d6141b204d76749f4f7a9,/home/yingch/exp_outputs/r-2026-fatst/stage_c_iscf_v1_cpsi_v1/iscf_v1_cpsi_common/ETTm1/h720_full/seed2021
ETTh1,iscf_v1_cpsi_common,new_training,ok,True,134003b44e1b84464e640e62405e289c6118c683ee15726994eced146953f750,/home/yingch/exp_outputs/r-2026-fatst/stage_c_iscf_v1_cpsi_v1/iscf_v1_cpsi_common/ETTh1/h720_full/seed2021
ETTh2,iscf_v1_cpsi_common,new_training,ok,True,aa93d00665d22b90470fe563747141561857fc59ed20286392bc9c8abf603576,/home/yingch/exp_outputs/r-2026-fatst/stage_c_iscf_v1_cpsi_v1/iscf_v1_cpsi_common/ETTh2/h720_full/seed2021
ETTm2,iscf_v1_cpsi_common,new_training,ok,True,689da88dd9dc93320e6a72bdea39ab8a5f35b33160060bddd897f925e1a38616,/home/yingch/exp_outputs/r-2026-fatst/stage_c_iscf_v1_cpsi_v1/iscf_v1_cpsi_common/ETTm2/h720_full/seed2021
Weather,iscf_v1_cpsi_post,new_training,ok,True,b1500ea9579acc3690eacc11924581833e096cc9d5c451ce4d5868725cb23a83,/home/yingch/exp_outputs/r-2026-fatst/stage_c_iscf_v1_cpsi_v1/iscf_v1_cpsi_post/Weather/h720_full/seed2021
ETTm1,iscf_v1_cpsi_post,new_training,ok,True,cdb5b4f4f8faba41e9718b25ccb6486037a708282ce87b26e835f13e71602d79,/home/yingch/exp_outputs/r-2026-fatst/stage_c_iscf_v1_cpsi_v1/iscf_v1_cpsi_post/ETTm1/h720_full/seed2021
ETTh1,iscf_v1_cpsi_post,new_training,ok,True,5b2d6d570226660ec00773751a5662949451511ec7e0ad06dc14ebce7b141d29,/home/yingch/exp_outputs/r-2026-fatst/stage_c_iscf_v1_cpsi_v1/iscf_v1_cpsi_post/ETTh1/h720_full/seed2021
ETTh2,iscf_v1_cpsi_post,new_training,ok,True,d8bfebbddb89f13db1106ae906fdc0b7c571c931c7e382256565e31959ad768f,/home/yingch/exp_outputs/r-2026-fatst/stage_c_iscf_v1_cpsi_v1/iscf_v1_cpsi_post/ETTh2/h720_full/seed2021
ETTm2,iscf_v1_cpsi_post,new_training,ok,True,48f7cb0b1784b676370d7536ae49d1fc530cbfb67c1c24f3c9147ec94fb4cc14,/home/yingch/exp_outputs/r-2026-fatst/stage_c_iscf_v1_cpsi_v1/iscf_v1_cpsi_post/ETTm2/h720_full/seed2021
