phase,dataset,trial_id,profile_id,seed,best_epoch,validation_mean_mse_4h,trainable_parameters,checkpoint_sha256_before_test,artifact_dir,test_artifact_dir,source_ledger
H5B,ETTh1,ETTh1__h5b_budget120_anchor,h5b_budget120_anchor,2021,2,1.134125037858307,2420425,421a01d8508a10f99c82fb4d613f62fd73b4f39e7a9836e1989f3c0b13085f0a,/home/yingch/exp_outputs/r-2026-fatst/iscf_bsca_main_v1_hpo/h5b/trials/ETTh1/ETTh1__h5b_budget120_anchor/seed2021,/home/yingch/exp_outputs/r-2026-fatst/iscf_bsca_main_v1_hpo/h5b/test_audit/ETTh1/ETTh1__h5b_budget120_anchor/seed2021,analysis/iscf_bsca_main_v1_hpo_20260731/h5b_artifact_audit_20260813/trial_ledger.jsonl
H5B,ETTh1,ETTh1__h5b_d48_ff48,h5b_d48_ff48,2021,1,1.162655138038838,3552057,a53d2d2559795aad6bf4498a78816fee622f91ed212c69f317e876467f49c545,/home/yingch/exp_outputs/r-2026-fatst/iscf_bsca_main_v1_hpo/h5b/trials/ETTh1/ETTh1__h5b_d48_ff48/seed2021,/home/yingch/exp_outputs/r-2026-fatst/iscf_bsca_main_v1_hpo/h5b/test_audit/ETTh1/ETTh1__h5b_d48_ff48/seed2021,analysis/iscf_bsca_main_v1_hpo_20260731/h5b_artifact_audit_20260813/trial_ledger.jsonl
H5B,ETTh1,ETTh1__h5b_dropout02,h5b_dropout02,2021,2,1.133499583478884,2420425,b91a5403ac9fc0815d3f63adc3abeeac8d2a58ce329e161b0873a234cbb7ff87,/home/yingch/exp_outputs/r-2026-fatst/iscf_bsca_main_v1_hpo/h5b/trials/ETTh1/ETTh1__h5b_dropout02/seed2021,/home/yingch/exp_outputs/r-2026-fatst/iscf_bsca_main_v1_hpo/h5b/test_audit/ETTh1/ETTh1__h5b_dropout02/seed2021,analysis/iscf_bsca_main_v1_hpo_20260731/h5b_artifact_audit_20260813/trial_ledger.jsonl
H5B,ETTh1,ETTh1__h5b_dropout05,h5b_dropout05,2021,2,1.1337054886642681,2420425,bc788a128c799e15a72dffab8edcb9b90ca71839f7c42280d90b6e080aaddc51,/home/yingch/exp_outputs/r-2026-fatst/iscf_bsca_main_v1_hpo/h5b/trials/ETTh1/ETTh1__h5b_dropout05/seed2021,/home/yingch/exp_outputs/r-2026-fatst/iscf_bsca_main_v1_hpo/h5b/test_audit/ETTh1/ETTh1__h5b_dropout05/seed2021,analysis/iscf_bsca_main_v1_hpo_20260731/h5b_artifact_audit_20260813/trial_ledger.jsonl
H5B,ETTh1,ETTh1__h5b_dropout08,h5b_dropout08,2021,2,1.1338925760597849,2420425,8d7a9a4880603571fef2f6f86461eb8c1a24117a2a632385ea82c50c9bebb20b,/home/yingch/exp_outputs/r-2026-fatst/iscf_bsca_main_v1_hpo/h5b/trials/ETTh1/ETTh1__h5b_dropout08/seed2021,/home/yingch/exp_outputs/r-2026-fatst/iscf_bsca_main_v1_hpo/h5b/test_audit/ETTh1/ETTh1__h5b_dropout08/seed2021,analysis/iscf_bsca_main_v1_hpo_20260731/h5b_artifact_audit_20260813/trial_ledger.jsonl
H5B,ETTh1,ETTh1__h5b_dropout12,h5b_dropout12,2021,2,1.1354566274794735,2420425,28b1fe46118ec50c2ca08cda8504e64b0e686965467bb3a55c68b0b9c97013c9,/home/yingch/exp_outputs/r-2026-fatst/iscf_bsca_main_v1_hpo/h5b/trials/ETTh1/ETTh1__h5b_dropout12/seed2021,/home/yingch/exp_outputs/r-2026-fatst/iscf_bsca_main_v1_hpo/h5b/test_audit/ETTh1/ETTh1__h5b_dropout12/seed2021,analysis/iscf_bsca_main_v1_hpo_20260731/h5b_artifact_audit_20260813/trial_ledger.jsonl
H5B,ETTh1,ETTh1__h5b_dropout15,h5b_dropout15,2021,2,1.1357619041885574,2420425,7066624eddb058321e2db943394dba0c370d6a502dc63dc878f055c1deb0336f,/home/yingch/exp_outputs/r-2026-fatst/iscf_bsca_main_v1_hpo/h5b/trials/ETTh1/ETTh1__h5b_dropout15/seed2021,/home/yingch/exp_outputs/r-2026-fatst/iscf_bsca_main_v1_hpo/h5b/test_audit/ETTh1/ETTh1__h5b_dropout15/seed2021,analysis/iscf_bsca_main_v1_hpo_20260731/h5b_artifact_audit_20260813/trial_ledger.jsonl
H5B,ETTh1,ETTh1__h5b_lr3p2e4,h5b_lr3p2e4,2021,2,1.134120907167357,2420425,fc5ea55d622507be193eaf300bff5c03ab9ceb0eb7728cd1e6874164cdccbf6f,/home/yingch/exp_outputs/r-2026-fatst/iscf_bsca_main_v1_hpo/h5b/trials/ETTh1/ETTh1__h5b_lr3p2e4/seed2021,/home/yingch/exp_outputs/r-2026-fatst/iscf_bsca_main_v1_hpo/h5b/test_audit/ETTh1/ETTh1__h5b_lr3p2e4/seed2021,analysis/iscf_bsca_main_v1_hpo_20260731/h5b_artifact_audit_20260813/trial_ledger.jsonl
H5B,ETTh1,ETTh1__h5b_lr3p3e4,h5b_lr3p3e4,2021,2,1.1341591111615315,2420425,cadbd0513af2c0d91d2e38c0ae72f32253da633e5a454203f33f261eede9ed3a,/home/yingch/exp_outputs/r-2026-fatst/iscf_bsca_main_v1_hpo/h5b/trials/ETTh1/ETTh1__h5b_lr3p3e4/seed2021,/home/yingch/exp_outputs/r-2026-fatst/iscf_bsca_main_v1_hpo/h5b/test_audit/ETTh1/ETTh1__h5b_lr3p3e4/seed2021,analysis/iscf_bsca_main_v1_hpo_20260731/h5b_artifact_audit_20260813/trial_ledger.jsonl
H5B,ETTh1,ETTh1__h5b_lr3p4e4,h5b_lr3p4e4,2021,2,1.1343767310862267,2420425,4822eda8934c7af8469d7b97c1a40636839015e49c6392b4e7db8e7bb3e68975,/home/yingch/exp_outputs/r-2026-fatst/iscf_bsca_main_v1_hpo/h5b/trials/ETTh1/ETTh1__h5b_lr3p4e4/seed2021,/home/yingch/exp_outputs/r-2026-fatst/iscf_bsca_main_v1_hpo/h5b/test_audit/ETTh1/ETTh1__h5b_lr3p4e4/seed2021,analysis/iscf_bsca_main_v1_hpo_20260731/h5b_artifact_audit_20260813/trial_ledger.jsonl
H5B,ETTh1,ETTh1__h5b_lr3p6e4,h5b_lr3p6e4,2021,2,1.1345617960268144,2420425,d9f1c889127bc92e7ec6f70fa59ad6b2b7d7bdd7401be628347da0c733112212,/home/yingch/exp_outputs/r-2026-fatst/iscf_bsca_main_v1_hpo/h5b/trials/ETTh1/ETTh1__h5b_lr3p6e4/seed2021,/home/yingch/exp_outputs/r-2026-fatst/iscf_bsca_main_v1_hpo/h5b/test_audit/ETTh1/ETTh1__h5b_lr3p6e4/seed2021,analysis/iscf_bsca_main_v1_hpo_20260731/h5b_artifact_audit_20260813/trial_ledger.jsonl
H5B,ETTh1,ETTh1__h5b_lr3p7e4,h5b_lr3p7e4,2021,2,1.1348535173980978,2420425,2892bd9a1e729514b5f00b41237e0ba4cdebb643ed0fb0b866f0b7a2b210b8f3,/home/yingch/exp_outputs/r-2026-fatst/iscf_bsca_main_v1_hpo/h5b/trials/ETTh1/ETTh1__h5b_lr3p7e4/seed2021,/home/yingch/exp_outputs/r-2026-fatst/iscf_bsca_main_v1_hpo/h5b/test_audit/ETTh1/ETTh1__h5b_lr3p7e4/seed2021,analysis/iscf_bsca_main_v1_hpo_20260731/h5b_artifact_audit_20260813/trial_ledger.jsonl
H5B,ETTh1,ETTh1__h5b_lr3p8e4,h5b_lr3p8e4,2021,2,1.1356829237159607,2420425,24b0d94958de9e900e26ee3c48dce6801b8abd499bcb4cb5459062d59dfb714c,/home/yingch/exp_outputs/r-2026-fatst/iscf_bsca_main_v1_hpo/h5b/trials/ETTh1/ETTh1__h5b_lr3p8e4/seed2021,/home/yingch/exp_outputs/r-2026-fatst/iscf_bsca_main_v1_hpo/h5b/test_audit/ETTh1/ETTh1__h5b_lr3p8e4/seed2021,analysis/iscf_bsca_main_v1_hpo_20260731/h5b_artifact_audit_20260813/trial_ledger.jsonl
H5B,ETTh1,ETTh1__h5b_lr4e4_budget120,h5b_lr4e4_budget120,2021,2,1.1371891192238157,2420425,4217f5ad1405b2f5223a8dabc7ec33dc52af04b3dbfc422047daa851df372d93,/home/yingch/exp_outputs/r-2026-fatst/iscf_bsca_main_v1_hpo/h5b/trials/ETTh1/ETTh1__h5b_lr4e4_budget120/seed2021,/home/yingch/exp_outputs/r-2026-fatst/iscf_bsca_main_v1_hpo/h5b/test_audit/ETTh1/ETTh1__h5b_lr4e4_budget120/seed2021,analysis/iscf_bsca_main_v1_hpo_20260731/h5b_artifact_audit_20260813/trial_ledger.jsonl
H5B,ETTh1,ETTh1__h5b_lr4p2e4,h5b_lr4p2e4,2021,2,1.1385165103962498,2420425,c068c1ade9c91c7adad2b947d420b63f48e503193ddb3d7d0609e8c245be624e,/home/yingch/exp_outputs/r-2026-fatst/iscf_bsca_main_v1_hpo/h5b/trials/ETTh1/ETTh1__h5b_lr4p2e4/seed2021,/home/yingch/exp_outputs/r-2026-fatst/iscf_bsca_main_v1_hpo/h5b/test_audit/ETTh1/ETTh1__h5b_lr4p2e4/seed2021,analysis/iscf_bsca_main_v1_hpo_20260731/h5b_artifact_audit_20260813/trial_ledger.jsonl
H5B,ETTh1,ETTh1__h5b_patch18,h5b_patch18,2021,1,1.1312031014423285,1857801,c97e017080595a286f3130b2d80aae7352f7ebae50c867a86335d2a38e258679,/home/yingch/exp_outputs/r-2026-fatst/iscf_bsca_main_v1_hpo/h5b/trials/ETTh1/ETTh1__h5b_patch18/seed2021,/home/yingch/exp_outputs/r-2026-fatst/iscf_bsca_main_v1_hpo/h5b/test_audit/ETTh1/ETTh1__h5b_patch18/seed2021,analysis/iscf_bsca_main_v1_hpo_20260731/h5b_artifact_audit_20260813/trial_ledger.jsonl
H5B,ETTh1,ETTh1__h5b_patch30,h5b_patch30,2021,1,1.1613745745814716,2983177,bfcd8be3bc3b03e0941b6890f9155963157802d973a39140f14bfa77ac29187f,/home/yingch/exp_outputs/r-2026-fatst/iscf_bsca_main_v1_hpo/h5b/trials/ETTh1/ETTh1__h5b_patch30/seed2021,/home/yingch/exp_outputs/r-2026-fatst/iscf_bsca_main_v1_hpo/h5b/test_audit/ETTh1/ETTh1__h5b_patch30/seed2021,analysis/iscf_bsca_main_v1_hpo_20260731/h5b_artifact_audit_20260813/trial_ledger.jsonl
H5B,ETTh1,ETTh1__h5b_patch36,h5b_patch36,2021,2,1.154611554026367,3545993,dc4fd8b14e08239bed91d9f3497d34a6e604a35233f636da48d366e6d2b7bef4,/home/yingch/exp_outputs/r-2026-fatst/iscf_bsca_main_v1_hpo/h5b/trials/ETTh1/ETTh1__h5b_patch36/seed2021,/home/yingch/exp_outputs/r-2026-fatst/iscf_bsca_main_v1_hpo/h5b/test_audit/ETTh1/ETTh1__h5b_patch36/seed2021,analysis/iscf_bsca_main_v1_hpo_20260731/h5b_artifact_audit_20260813/trial_ledger.jsonl
H5B,ETTh1,ETTh1__h5b_rank128,h5b_rank128,2021,2,1.1474196311991869,2740005,8d27f6cbff7616f7f6841a9c7c337c5c85edfffb44e8e4b775e381a7fe6464cc,/home/yingch/exp_outputs/r-2026-fatst/iscf_bsca_main_v1_hpo/h5b/trials/ETTh1/ETTh1__h5b_rank128/seed2021,/home/yingch/exp_outputs/r-2026-fatst/iscf_bsca_main_v1_hpo/h5b/test_audit/ETTh1/ETTh1__h5b_rank128/seed2021,analysis/iscf_bsca_main_v1_hpo_20260731/h5b_artifact_audit_20260813/trial_ledger.jsonl
H5B,ETTh1,ETTh1__h5b_rank160,h5b_rank160,2021,1,1.1381321089390282,3278245,0a968f7a8a7c7e01176c6cd3348c9bd8360d5f5ea73171bbb7b36559602ce706,/home/yingch/exp_outputs/r-2026-fatst/iscf_bsca_main_v1_hpo/h5b/trials/ETTh1/ETTh1__h5b_rank160/seed2021,/home/yingch/exp_outputs/r-2026-fatst/iscf_bsca_main_v1_hpo/h5b/test_audit/ETTh1/ETTh1__h5b_rank160/seed2021,analysis/iscf_bsca_main_v1_hpo_20260731/h5b_artifact_audit_20260813/trial_ledger.jsonl
H5B,ETTh1,ETTh1__h5b_rank80,h5b_rank80,2021,3,1.14302803808158,1932645,bd3fef43f92b6eb47e79f348e60112addbf01ad9666f727d05b80791a09256df,/home/yingch/exp_outputs/r-2026-fatst/iscf_bsca_main_v1_hpo/h5b/trials/ETTh1/ETTh1__h5b_rank80/seed2021,/home/yingch/exp_outputs/r-2026-fatst/iscf_bsca_main_v1_hpo/h5b/test_audit/ETTh1/ETTh1__h5b_rank80/seed2021,analysis/iscf_bsca_main_v1_hpo_20260731/h5b_artifact_audit_20260813/trial_ledger.jsonl
H5B,ETTh1,ETTh1__h5b_rank96,h5b_rank96,2021,2,1.125024324968191,2201765,0c34bf8ddbfb5e67dc983220ffe6dc610597580d4a4500356c89aef326d3db8e,/home/yingch/exp_outputs/r-2026-fatst/iscf_bsca_main_v1_hpo/h5b/trials/ETTh1/ETTh1__h5b_rank96/seed2021,/home/yingch/exp_outputs/r-2026-fatst/iscf_bsca_main_v1_hpo/h5b/test_audit/ETTh1/ETTh1__h5b_rank96/seed2021,analysis/iscf_bsca_main_v1_hpo_20260731/h5b_artifact_audit_20260813/trial_ledger.jsonl
H5B,ETTh1,ETTh1__h5b_seq576_p18,h5b_seq576_p18,2021,3,1.1082669332211408,1857545,8cd4af7cb8a26d28b0ec33be61584ad0dc25172dd1e6978eea0ca130eaf09633,/home/yingch/exp_outputs/r-2026-fatst/iscf_bsca_main_v1_hpo/h5b/trials/ETTh1/ETTh1__h5b_seq576_p18/seed2021,/home/yingch/exp_outputs/r-2026-fatst/iscf_bsca_main_v1_hpo/h5b/test_audit/ETTh1/ETTh1__h5b_seq576_p18/seed2021,analysis/iscf_bsca_main_v1_hpo_20260731/h5b_artifact_audit_20260813/trial_ledger.jsonl
H5B,ETTh1,ETTh1__h5b_seq640_p20,h5b_seq640_p20,2021,2,1.1079714536356429,2045193,1ac3930cb049d96406a7ca77f98b97e806149320fa7ab02087a86ef005550c9a,/home/yingch/exp_outputs/r-2026-fatst/iscf_bsca_main_v1_hpo/h5b/trials/ETTh1/ETTh1__h5b_seq640_p20/seed2021,/home/yingch/exp_outputs/r-2026-fatst/iscf_bsca_main_v1_hpo/h5b/test_audit/ETTh1/ETTh1__h5b_seq640_p20/seed2021,analysis/iscf_bsca_main_v1_hpo_20260731/h5b_artifact_audit_20260813/trial_ledger.jsonl
H5B,ETTh1,ETTh1__h5b_seq640_p32,h5b_seq640_p32,2021,2,1.1317812059640087,3170697,4c6c53f3c2aa5d5260d576fd2fc485f07bb64c2dbc2d6e68944939906cd04779,/home/yingch/exp_outputs/r-2026-fatst/iscf_bsca_main_v1_hpo/h5b/trials/ETTh1/ETTh1__h5b_seq640_p32/seed2021,/home/yingch/exp_outputs/r-2026-fatst/iscf_bsca_main_v1_hpo/h5b/test_audit/ETTh1/ETTh1__h5b_seq640_p32/seed2021,analysis/iscf_bsca_main_v1_hpo_20260731/h5b_artifact_audit_20260813/trial_ledger.jsonl
H5B,ETTh1,ETTh1__h5b_seq672_p21,h5b_seq672_p21,2021,2,1.1083540090705297,2139017,4357e791c558e61701a2124fa0169040212d3c31d5e6b619e01f00d5f76f46b8,/home/yingch/exp_outputs/r-2026-fatst/iscf_bsca_main_v1_hpo/h5b/trials/ETTh1/ETTh1__h5b_seq672_p21/seed2021,/home/yingch/exp_outputs/r-2026-fatst/iscf_bsca_main_v1_hpo/h5b/test_audit/ETTh1/ETTh1__h5b_seq672_p21/seed2021,analysis/iscf_bsca_main_v1_hpo_20260731/h5b_artifact_audit_20260813/trial_ledger.jsonl
H5B,ETTh1,ETTh1__h5b_seq672_p28,h5b_seq672_p28,2021,1,1.1360903728963985,2795529,64de204c0e4ce0bbcb72fbf4a49fd7f68c88c8182bb49d3114169a5b12b3b543,/home/yingch/exp_outputs/r-2026-fatst/iscf_bsca_main_v1_hpo/h5b/trials/ETTh1/ETTh1__h5b_seq672_p28/seed2021,/home/yingch/exp_outputs/r-2026-fatst/iscf_bsca_main_v1_hpo/h5b/test_audit/ETTh1/ETTh1__h5b_seq672_p28/seed2021,analysis/iscf_bsca_main_v1_hpo_20260731/h5b_artifact_audit_20260813/trial_ledger.jsonl
H5B,ETTh1,ETTh1__h5b_seq768_p24,h5b_seq768_p24,2021,1,1.1371540867583088,2420489,45eaabb0c61e22797e70012d896f705d98f89ad0041340616006c34c086356ca,/home/yingch/exp_outputs/r-2026-fatst/iscf_bsca_main_v1_hpo/h5b/trials/ETTh1/ETTh1__h5b_seq768_p24/seed2021,/home/yingch/exp_outputs/r-2026-fatst/iscf_bsca_main_v1_hpo/h5b/test_audit/ETTh1/ETTh1__h5b_seq768_p24/seed2021,analysis/iscf_bsca_main_v1_hpo_20260731/h5b_artifact_audit_20260813/trial_ledger.jsonl
H5B,ETTh1,ETTh1__h5b_seq768_p32,h5b_seq768_p32,2021,1,1.1297981685751841,3170825,7b4cbdd3fd82a45b12dabdd6a107168b0eda85540ab6253bb15eb319ceb31420,/home/yingch/exp_outputs/r-2026-fatst/iscf_bsca_main_v1_hpo/h5b/trials/ETTh1/ETTh1__h5b_seq768_p32/seed2021,/home/yingch/exp_outputs/r-2026-fatst/iscf_bsca_main_v1_hpo/h5b/test_audit/ETTh1/ETTh1__h5b_seq768_p32/seed2021,analysis/iscf_bsca_main_v1_hpo_20260731/h5b_artifact_audit_20260813/trial_ledger.jsonl
H5B,ETTh1,ETTh1__h5b_seq840_p28,h5b_seq840_p28,2021,1,1.1591348400871668,2795721,edce4614552a04081730858b6f7e9fd7cbce5c929785240434c410ce3141205d,/home/yingch/exp_outputs/r-2026-fatst/iscf_bsca_main_v1_hpo/h5b/trials/ETTh1/ETTh1__h5b_seq840_p28/seed2021,/home/yingch/exp_outputs/r-2026-fatst/iscf_bsca_main_v1_hpo/h5b/test_audit/ETTh1/ETTh1__h5b_seq840_p28/seed2021,analysis/iscf_bsca_main_v1_hpo_20260731/h5b_artifact_audit_20260813/trial_ledger.jsonl
H5B,ETTh1,ETTh1__h5b_seq960_p32,h5b_seq960_p32,2021,2,1.1297503177682677,3171017,b5856496d42e832865adaf107c0b74c863ba47714ecd4c3af555ab67bb459266,/home/yingch/exp_outputs/r-2026-fatst/iscf_bsca_main_v1_hpo/h5b/trials/ETTh1/ETTh1__h5b_seq960_p32/seed2021,/home/yingch/exp_outputs/r-2026-fatst/iscf_bsca_main_v1_hpo/h5b/test_audit/ETTh1/ETTh1__h5b_seq960_p32/seed2021,analysis/iscf_bsca_main_v1_hpo_20260731/h5b_artifact_audit_20260813/trial_ledger.jsonl
H5B,ETTh1,ETTh1__h5b_wd0,h5b_wd0,2021,2,1.1338770894740249,2420425,7eea401a80915722c4b32417a51e89a0f74f6b0cc30620cf2c6c1b3faae09dca,/home/yingch/exp_outputs/r-2026-fatst/iscf_bsca_main_v1_hpo/h5b/trials/ETTh1/ETTh1__h5b_wd0/seed2021,/home/yingch/exp_outputs/r-2026-fatst/iscf_bsca_main_v1_hpo/h5b/test_audit/ETTh1/ETTh1__h5b_wd0/seed2021,analysis/iscf_bsca_main_v1_hpo_20260731/h5b_artifact_audit_20260813/trial_ledger.jsonl
H5B,ETTh1,ETTh1__h5b_wd1e3,h5b_wd1e3,2021,2,1.134016029521202,2420425,00718151f7eb3467a7f218a8de6ab36656e876174e82b2dc58500176bf594a2d,/home/yingch/exp_outputs/r-2026-fatst/iscf_bsca_main_v1_hpo/h5b/trials/ETTh1/ETTh1__h5b_wd1e3/seed2021,/home/yingch/exp_outputs/r-2026-fatst/iscf_bsca_main_v1_hpo/h5b/test_audit/ETTh1/ETTh1__h5b_wd1e3/seed2021,analysis/iscf_bsca_main_v1_hpo_20260731/h5b_artifact_audit_20260813/trial_ledger.jsonl
H5B,ETTh1,ETTh1__h5b_wd1e4,h5b_wd1e4,2021,2,1.1343076807550259,2420425,673c7465086ba0be094e33374dc92264b341c0ce117d79f9018e3c123d166bed,/home/yingch/exp_outputs/r-2026-fatst/iscf_bsca_main_v1_hpo/h5b/trials/ETTh1/ETTh1__h5b_wd1e4/seed2021,/home/yingch/exp_outputs/r-2026-fatst/iscf_bsca_main_v1_hpo/h5b/test_audit/ETTh1/ETTh1__h5b_wd1e4/seed2021,analysis/iscf_bsca_main_v1_hpo_20260731/h5b_artifact_audit_20260813/trial_ledger.jsonl
H5B,ETTh1,ETTh1__h5b_wd3e2,h5b_wd3e2,2021,2,1.134313606624935,2420425,e19d69f7a6c89d3e77854320a622ea495c7c732ca5fbd2c15fcc31fdad19e122,/home/yingch/exp_outputs/r-2026-fatst/iscf_bsca_main_v1_hpo/h5b/trials/ETTh1/ETTh1__h5b_wd3e2/seed2021,/home/yingch/exp_outputs/r-2026-fatst/iscf_bsca_main_v1_hpo/h5b/test_audit/ETTh1/ETTh1__h5b_wd3e2/seed2021,analysis/iscf_bsca_main_v1_hpo_20260731/h5b_artifact_audit_20260813/trial_ledger.jsonl
H5B,ETTh1,ETTh1__h5b_wd3e3,h5b_wd3e3,2021,2,1.1340389302473457,2420425,6efc0ea7155ca9ef8e558bc3180ed1c0f42f51f8f6be163aa2619b4dc023f6ba,/home/yingch/exp_outputs/r-2026-fatst/iscf_bsca_main_v1_hpo/h5b/trials/ETTh1/ETTh1__h5b_wd3e3/seed2021,/home/yingch/exp_outputs/r-2026-fatst/iscf_bsca_main_v1_hpo/h5b/test_audit/ETTh1/ETTh1__h5b_wd3e3/seed2021,analysis/iscf_bsca_main_v1_hpo_20260731/h5b_artifact_audit_20260813/trial_ledger.jsonl
